id,maintainer,group,group_size,drawn_from_group
3122be4c-b9d0-4cc9-b6d3-9b96c6e743da,Paul Gill,(small maintainers),2082,57
cfd6ec3f-1e63-4a77-bc3f-007d45f7e2fc,Thomas Morgan,Thomas Morgan,9595,264
6cfafd07-40f1-46da-9d92-36c2bb319f0b,NSIDC Services,NSIDC Services,653,18
2705e0d1-95e7-4588-813b-ca91a6da94ff,NSIDC Services,NSIDC Services,653,18
03a09af3-081e-4db6-9e3b-ea7c0e3138bd,Earthdata Forum,Earthdata Forum,10650,293
99dff022-24ac-48cb-bc83-09fec8b90ad7,Thomas Morgan,Thomas Morgan,9595,264
4c64f3ed-39b4-4f95-95a0-022898ba47a4,Earthdata Forum,Earthdata Forum,10650,293
d5477563-0415-4e65-ab7c-d4bc9ed809e5,Earthdata Forum,Earthdata Forum,10650,293
938ee451-561c-492d-9e24-fe9a1048b835,Thomas Morgan,Thomas Morgan,9595,264
dc4ff01b-12f0-4235-8c8a-afb4bfb3bdbb,Thomas Morgan,Thomas Morgan,9595,264
3bceffb4-f01e-433c-af79-42b9d9427231,Thomas Morgan,Thomas Morgan,9595,264
1e16bbd4-0f3f-4f88-bda1-55a553c1282e,NASA Space Physics Data Facility,NASA Space Physics Data Facility,3115,86
bb1fe4b0-6543-42e3-9386-acbab0b37ad4,HEASARC Help Desk,HEASARC Help Desk,976,27
ab33f184-95f4-4f33-8f3d-c4a09ec525d3,Thomas Morgan,Thomas Morgan,9595,264
7400495e-f11f-475f-a647-070bc2f82a92,Thomas Morgan,Thomas Morgan,9595,264
32614a2f-a286-4c7c-9f1e-deafdf8bd6a3,NASA Space Physics Data Facility,NASA Space Physics Data Facility,3115,86
ec41fd5d-1159-4aa8-9803-5346e2324a20,Thomas Morgan,Thomas Morgan,9595,264
792e45e8-e7fb-427f-a3fb-2c1dac5f545f,Thomas Morgan,Thomas Morgan,9595,264
0eedd2bc-b2e2-4cc1-a94d-41c141169334,Earthdata Forum,Earthdata Forum,10650,293
6f63dd10-376e-4d17-9156-f2155637e74d,NASA Space Physics Data Facility,NASA Space Physics Data Facility,3115,86
a2d5781a-3b10-4bac-8993-295f235db4e4,HEASARC Help Desk,HEASARC Help Desk,976,27
264a9b23-9a86-46a7-ab61-9661230ea667,Thomas Morgan,Thomas Morgan,9595,264
967275c7-aa2d-4b08-a9db-aff5cf6b7802,Bryan Matthews,(small maintainers),2082,57
ccbc2b1c-cfa2-4867-9981-a845b91d90ab,Earthdata Forum,Earthdata Forum,10650,293
77a0cb5f-7d69-4f13-aeb1-ce1378d7f1a9,Earthdata Forum,Earthdata Forum,10650,293
ed2cea26-ed6c-4138-be69-3d32d4ce4858,Earthdata Forum,Earthdata Forum,10650,293
b5ef7c20-8253-4c10-91bb-a24f4d26147e,Earthdata Forum,Earthdata Forum,10650,293
4b4681f4-215b-499c-864f-6f405743c775,NASA Space Physics Data Facility,NASA Space Physics Data Facility,3115,86
ba80e9b9-ff1a-4484-a6d5-78a086d66f2f,NASA Space Physics Data Facility,NASA Space Physics Data Facility,3115,86
6e6951d6-8ffd-4923-9b12-39d44ce6814d,Planetary Data System,Planetary Data System,6214,171
512dbadc-69c4-4e09-92d7-69887c4ba392,Thomas Morgan,Thomas Morgan,9595,264
c4534993-09d1-468b-8bf1-febed049fd8c,William Stefanov,(small maintainers),2082,57
c2488fc9-0b15-4105-b245-85d889ac84c4,HEASARC Help Desk,HEASARC Help Desk,976,27
4e7099c7-0f26-4d6e-a351-bf9c2c61b0f6,Thomas Morgan,Thomas Morgan,9595,264
0efa4f80-4a96-4b07-9d2f-1d0315038d68,undefined,undefined,989,27
25ad28f9-4dab-4d1a-9d77-dc648c793d5c,Planetary Data System,Planetary Data System,6214,171
c5292e93-705c-4ac6-b0da-ba42c3dbdbfd,Planetary Data System,Planetary Data System,6214,171
8fa4b5c9-61e1-4331-92a1-51387242f4f1,Planetary Data System,Planetary Data System,6214,171
6ed59de2-47ac-488a-8641-dbe6223fb0e6,Earthdata Forum,Earthdata Forum,10650,293
874b6cc8-0d16-4efc-8125-f82aea1ef45f,Planetary Data System,Planetary Data System,6214,171
7404b473-5ea2-4383-b367-86a5c8d2a1b8,EDWARD BALABAN,(small maintainers),2082,57
26714637-d3cd-4e11-9600-5b764346bef3,Earthdata Forum,Earthdata Forum,10650,293
c8dde77f-9954-44fe-ad72-1f065efc34ca,Thomas Morgan,Thomas Morgan,9595,264
cd62b985-b784-4df3-a0d0-cb9a5725349f,Planetary Data System,Planetary Data System,6214,171
87c1785c-4218-427d-a502-8ef5c6d7436a,Thomas Morgan,Thomas Morgan,9595,264
dee11ff1-e2df-44a2-b43a-872a82f68405,Thomas Morgan,Thomas Morgan,9595,264
2d450311-b390-4fbd-9394-16132d43f426,George Komar,(small maintainers),2082,57
7615f547-e889-493f-b13b-0b54a3029a71,Kamalika Das,(small maintainers),2082,57
58210ae6-8fa8-4552-a52e-436cd3433c3d,Thomas Morgan,Thomas Morgan,9595,264
01432301-e0a8-4138-b1a1-ed57954c5fd6,Earthdata Forum,Earthdata Forum,10650,293
28e8b8fd-4463-4794-b810-44934fd449f6,Earthdata Forum,Earthdata Forum,10650,293
2445fb91-d303-487f-a07e-6f0d0742c338,NASA Space Physics Data Facility,NASA Space Physics Data Facility,3115,86
0c8a329f-6510-4167-9295-2437ca71e66e,undefined,undefined,989,27
7edfd387-7276-4030-b01e-a15d6f7da5c9,Thomas Morgan,Thomas Morgan,9595,264
002f1a9d-b125-4908-a75d-4c75fe344438,Earthdata Forum,Earthdata Forum,10650,293
7c37b7a0-c9d4-49aa-bf26-687a49d4e97f,Thomas Morgan,Thomas Morgan,9595,264
8e66de36-8623-4280-a913-02f03a930a91,Thomas Morgan,Thomas Morgan,9595,264
af7e1cd4-c3c0-4c05-8fb1-7dba1b8ddcaf,Planetary Data System,Planetary Data System,6214,171
321d0bca-2354-42ae-a550-d539f31ec610,Thomas Morgan,Thomas Morgan,9595,264
ef9ab3db-bef3-490f-8e24-0394345c39b6,Thomas Morgan,Thomas Morgan,9595,264
be59c3ee-7eed-4a87-b471-76330e3e8165,Earthdata Forum,Earthdata Forum,10650,293
3f59a511-29fa-4c0f-a93c-7400ab644cde,Brent Holben,(small maintainers),2082,57
9e49a827-733f-4a15-89e1-5f609f9a6b6e,Earthdata Forum,Earthdata Forum,10650,293
a5107480-5e43-4466-9796-ebafc170a595,Thomas Morgan,Thomas Morgan,9595,264
8a0cd089-2d6e-437f-9847-5d29d0ab39dd,Thomas Morgan,Thomas Morgan,9595,264
0ea5f919-f703-4edd-811d-cf4852a8d8a9,Planetary Data System,Planetary Data System,6214,171
e04e12e6-cf04-47a2-b33c-ce6a39182d10,Thomas Morgan,Thomas Morgan,9595,264
82391a35-1e31-4d9c-adee-a8d13fae2c88,Thomas Morgan,Thomas Morgan,9595,264
73ffdeec-4229-4411-af13-3a47cf604575,NASA Space Physics Data Facility,NASA Space Physics Data Facility,3115,86
2de389f8-a80d-42ef-b862-71db6994a72d,Christopher Rumsey,Christopher Rumsey,178,5
4f4f70cc-055c-47f7-a0bb-2baab1fb8f2d,Earthdata Forum,Earthdata Forum,10650,293
4230ddcd-1523-4278-a7f2-7cb78262d2b7,NASA Space Physics Data Facility,NASA Space Physics Data Facility,3115,86
64de89a0-e14a-4c3e-95bc-a50d97ba4060,NASA Open Data,(small maintainers),2082,57
ba0fc902-87ac-47f3-98a1-7610d27fb2e1,Earthdata Forum,Earthdata Forum,10650,293
6d3c471e-464c-46d6-926c-ea7c5ae577cd,Planetary Data System,Planetary Data System,6214,171
c6779576-e2b3-4ad2-a1cf-a136f4c2be43,Thomas Morgan,Thomas Morgan,9595,264
11386e7f-8bf3-4c77-a2ae-a66dc983b14a,Planetary Data System,Planetary Data System,6214,171
79f8f9dd-ff7f-40ee-bd2e-bfbee219ca18,MAST Archive,(small maintainers),2082,57
02f96232-031f-4657-8ac4-8fed998dc24b,Planetary Data System,Planetary Data System,6214,171
b4764b6b-7356-4df8-94d6-c86b2f28cc83,NASA Space Physics Data Facility,NASA Space Physics Data Facility,3115,86
29206dfa-52e6-4dc4-b0c7-4922bc68c5f0,Thomas Morgan,Thomas Morgan,9595,264
b08ecf68-2e9d-44a1-93dc-5260ba61d517,Thomas Morgan,Thomas Morgan,9595,264
1dc6093a-ab2c-4194-a822-948ea2ff8635,Thomas Morgan,Thomas Morgan,9595,264
99c8679f-ad3a-41e6-b28b-d33f6b101250,Planetary Data System,Planetary Data System,6214,171
45e8ea6c-d999-41fd-ade7-5e787065ad06,undefined,undefined,989,27
01cf7dbd-fb70-41bd-8b79-3beef23ce410,Planetary Data System,Planetary Data System,6214,171
b4c2a310-936f-44b9-b8b7-4d9a785d7163,Planetary Data System,Planetary Data System,6214,171
07677a40-dcfb-47e0-ad14-7d44f6286a36,Thomas Morgan,Thomas Morgan,9595,264
73ab7517-6dae-40d1-813a-3469b05c41e4,Planetary Data System,Planetary Data System,6214,171
1c601946-f1b4-4479-8d66-2ffd38e5192a,Planetary Data System,Planetary Data System,6214,171
48014249-e907-457c-b2ca-3bd6ebf66cc2,Earthdata Forum,Earthdata Forum,10650,293
c468d6aa-4cbc-4ed7-81e7-23c15a509524,Planetary Data System,Planetary Data System,6214,171
7aeed9f7-aa69-44bf-8433-859c6c22e937,Planetary Data System,Planetary Data System,6214,171
5c49dc3a-2fa1-49cf-a12b-98dadbc57e13,Earthdata Forum,Earthdata Forum,10650,293
57fa6233-17df-43d3-9622-34f49be5da88,Earthdata Forum,Earthdata Forum,10650,293
73521c6f-1378-4a8c-a47c-7626ee4f0de4,GeneLab Outreach,GeneLab Outreach,322,9
cbd0c15d-1abb-4187-bbea-2ecd200021c3,Earthdata Forum,Earthdata Forum,10650,293
b54f7cde-eb4b-4cc6-beb0-4dd0462ed604,Thomas Morgan,Thomas Morgan,9595,264
972e69c6-676d-4b25-aaf8-e180a4745617,Earthdata Forum,Earthdata Forum,10650,293
10904e4f-25f7-41e4-a9af-9f6abf34b970,Thomas Morgan,Thomas Morgan,9595,264
3529f9a8-5e1b-493a-b3bf-bc119992b3e1,Thomas Morgan,Thomas Morgan,9595,264
0e0d4132-ea7e-4608-a588-5ec41fc18711,Planetary Data System,Planetary Data System,6214,171
22fb7f9b-fb9e-42d2-b200-56380fee8f20,NASA Space Physics Data Facility,NASA Space Physics Data Facility,3115,86
f4b88921-f294-4b74-8beb-9a879f668f3f,Brian Kumanchik,(small maintainers),2082,57
fe89cd38-cd50-4960-90bc-209a23854037,Open Science Data Repository Help Desk,Open Science Data Repository Help Desk,346,10
7d335017-cf71-434e-afbb-35aed1694bdc,Planetary Data System,Planetary Data System,6214,171
52801925-c362-4dee-a2e6-f8f73f9affe6,undefined,undefined,989,27
22291a4f-d7fd-49ae-ae8c-2e18a38ed388,Earthdata Forum,Earthdata Forum,10650,293
d195c73f-d3f6-4c19-9481-e5a62f13f9b9,Thomas Morgan,Thomas Morgan,9595,264
9c549b04-da63-476a-8193-45f50197a73a,Earthdata Forum,Earthdata Forum,10650,293
e7793e25-9923-44e2-8388-8f3fa0123f31,JAMES JOHNSON,(small maintainers),2082,57
b093def0-a191-4e7e-b505-09b673854617,Earthdata Forum,Earthdata Forum,10650,293
bf860516-811d-4a0f-8135-a2d9f194ed09,Planetary Data System,Planetary Data System,6214,171
bda58c07-f36f-459f-b1c8-40d4ac3c15a5,Planetary Data System,Planetary Data System,6214,171
6adb261f-0837-47c7-8157-e6c258c56987,Earthdata Forum,Earthdata Forum,10650,293
dbb68362-91f9-461b-a671-8ba1348e92a8,Thomas Morgan,Thomas Morgan,9595,264
d5d2e3f1-ff5b-49e4-b9f9-79f7705bd79f,NASA Space Physics Data Facility,NASA Space Physics Data Facility,3115,86
63412bd2-cba4-4270-9b35-ea10dfd6596e,NASA Space Physics Data Facility,NASA Space Physics Data Facility,3115,86
4ca5f7f3-dcf4-49b5-bf2f-e332d80ba668,Planetary Data System,Planetary Data System,6214,171
ffa68737-ddfb-4545-b84f-26acfb4a36b6,Planetary Data System,Planetary Data System,6214,171
230154d5-f04c-4963-9171-ff3b4623cf17,Planetary Data System,Planetary Data System,6214,171
62bafc94-0227-443a-88df-21402c79f8a0,Thomas Morgan,Thomas Morgan,9595,264
4ea399fb-dcc6-41df-945a-b829da60c586,Earthdata Forum,Earthdata Forum,10650,293
f810f5a4-dead-4415-a00f-a7914ef219fd,Thomas Morgan,Thomas Morgan,9595,264
8f45423e-d9db-43f4-af34-2047a55c82df,Earthdata Forum,Earthdata Forum,10650,293
bbb8f62a-84d4-47cb-8ce6-5fd5820ee54d,Planetary Data System,Planetary Data System,6214,171
47954846-32c3-42ff-82da-09860de12a27,NASA Space Physics Data Facility,NASA Space Physics Data Facility,3115,86
cca04bf1-1d38-426c-841f-e6d13edd9820,Thomas Morgan,Thomas Morgan,9595,264
3adfa16f-8ab8-48c3-a5a9-7102bf073da3,MAST Archive,(small maintainers),2082,57
24c8b445-575d-486a-8052-c63d0604bc6d,Earthdata Forum,Earthdata Forum,10650,293
02679e90-9557-4081-a5cd-ebfd8d038d4a,Earthdata Forum,Earthdata Forum,10650,293
0d1cca2d-1237-4cac-b076-0821c891fe8a,Earthdata Forum,Earthdata Forum,10650,293
46d6f95d-5a63-472f-ab59-c14905278425,NSIDC Services,NSIDC Services,653,18
cad1e326-15c0-484e-8cb0-c496b981a520,Planetary Data System,Planetary Data System,6214,171
3430579e-2b78-488a-a40f-0c949da8c44a,Earthdata Forum,Earthdata Forum,10650,293
16eb1df7-b54e-4bf5-b265-f177c66fa3eb,Earthdata Forum,Earthdata Forum,10650,293
dbc59246-1caf-479f-9044-ef5830fc11a3,Thomas Morgan,Thomas Morgan,9595,264
29c91a1c-eac7-478c-91fd-701b4cd86b23,Earthdata Forum,Earthdata Forum,10650,293
978afa7f-39b6-47cf-9fe2-e9683414a2f3,Earthdata Forum,Earthdata Forum,10650,293
eae72557-a23b-4edf-a4d3-7771765915f3,Planetary Data System,Planetary Data System,6214,171
2c485bfb-635c-4f19-9827-084f65ce94af,Planetary Data System,Planetary Data System,6214,171
ca60d26e-2078-4848-9d85-46f8f167f35f,Earthdata Forum,Earthdata Forum,10650,293
1e49dbb3-8729-4e2c-ab8b-4ef135ebc988,Thomas Morgan,Thomas Morgan,9595,264
0dba7284-1792-4e9f-9ee6-a23b6c4f578d,Thomas Morgan,Thomas Morgan,9595,264
716ac2b5-c4c7-43dd-8f58-04ba71b5e64e,PAWEL CHWALOWSKI,(small maintainers),2082,57
8f94cab8-1415-47e3-99b8-31010cc7d59c,NASA Space Physics Data Facility,NASA Space Physics Data Facility,3115,86
375a2bb6-8060-4220-bb7b-8e5f258a39fe,Thomas Morgan,Thomas Morgan,9595,264
3feea5f9-5203-4902-a7f0-9d8804b62222,Ed Hoffman,Ed Hoffman,157,4
127339ce-072c-4a33-94c6-90e1f8c38da7,Thomas Morgan,Thomas Morgan,9595,264
28bf17c7-0159-47d6-89f3-8c032cb76155,Planetary Data System,Planetary Data System,6214,171
a70e7625-da7b-4f15-b6f9-61eb016bd602,NASA Space Physics Data Facility,NASA Space Physics Data Facility,3115,86
f6c51eb0-471d-4ea2-a5e5-190e513b86c2,Earthdata Forum,Earthdata Forum,10650,293
012c73d5-711a-436c-97e4-e1cf90a07f67,Earthdata Forum,Earthdata Forum,10650,293
d4a9d27c-2b08-4803-bfee-f6259baed441,Earthdata Forum,Earthdata Forum,10650,293
64c5cf36-0781-4ea4-a5df-ecc1ac156ae8,Open Science Data Repository Help Desk,Open Science Data Repository Help Desk,346,10
e25ebae6-f6b4-4056-b039-f7f676005d97,Planetary Data System,Planetary Data System,6214,171
40c0d975-18ad-40ab-a1e4-9e0b7ca94ba6,GeneLab Outreach,GeneLab Outreach,322,9
10de2bb3-95b9-41aa-86a7-9f1b4b6e0118,Thomas Morgan,Thomas Morgan,9595,264
d1504259-eb2d-483a-80b2-a3573fbcffc7,HEASARC Help Desk,HEASARC Help Desk,976,27
718e6454-0dcc-45e9-a940-91e1a82e8be2,Earthdata Forum,Earthdata Forum,10650,293
4f7b1873-0f8d-457b-960f-7563c878fca3,Planetary Data System,Planetary Data System,6214,171
a31e2108-c496-412e-aabe-39af001e9e03,Thomas Morgan,Thomas Morgan,9595,264
892b92e7-dc3a-4df6-b3fd-29b8f8a459a2,Earthdata Forum,Earthdata Forum,10650,293
9ccbed03-7c13-442a-b9f1-ff2c14363eb3,NASA Space Physics Data Facility,NASA Space Physics Data Facility,3115,86
6033a1bb-00f1-46fc-b83d-0ac18a1111cd,HEASARC Help Desk,HEASARC Help Desk,976,27
83597af3-dc7d-4d11-9886-ead52b3432c1,Jennifer Blue,Jennifer Blue,81,2
46b287e9-69fc-42df-91e0-1f809ff24e1f,Thomas Morgan,Thomas Morgan,9595,264
236e56ad-7f6b-4312-b901-cf8d52ef2e50,Earthdata Forum,Earthdata Forum,10650,293
5ffde556-7fbd-4fae-913e-596d4a1c40d9,Earthdata Forum,Earthdata Forum,10650,293
1aae565e-bf9e-48ab-b9ac-79dfa1bb36af,Thomas Morgan,Thomas Morgan,9595,264
14ea5c19-4939-46f3-adf4-e3ed2df98a23,Jason Duley,(small maintainers),2082,57
d04e6884-59be-4986-9a7d-e69d94ec4db5,Thomas Morgan,Thomas Morgan,9595,264
fa9dc957-04ab-4d44-9837-568a0c8e0d26,undefined,undefined,989,27
bbb7c980-9afc-43cd-acc3-db617dffc4c7,Planetary Data System,Planetary Data System,6214,171
555e9b3a-5c7c-4090-af36-1fd8ec103713,Planetary Data System,Planetary Data System,6214,171
27a1b688-a2ac-4ddf-bb21-9fe726185130,Thomas Morgan,Thomas Morgan,9595,264
9f4f012d-0959-4772-b6ff-89818ebecb1c,Earthdata Forum,Earthdata Forum,10650,293
9fa92733-b524-4367-b9bd-522996638ebe,Earthdata Forum,Earthdata Forum,10650,293
9fad6db9-e8b7-4613-86b4-49700efedc7c,Earthdata Forum,Earthdata Forum,10650,293
36fd2733-0af0-4b96-9c60-633a647b0ada,Earthdata Forum,Earthdata Forum,10650,293
805066a0-f614-44fd-8249-0056a08b58cb,Earthdata Forum,Earthdata Forum,10650,293
fadaf838-3671-49f0-96bc-69f9986cdb18,Thomas Morgan,Thomas Morgan,9595,264
3d119531-e222-4e8d-b626-1e59dec38a8a,Planetary Data System,Planetary Data System,6214,171
dea139c2-5258-44ac-b262-ca5419d246ce,Christopher Teubert,(small maintainers),2082,57
a680f185-e7a4-453f-96cc-a00ebfcf702c,Earthdata Forum,Earthdata Forum,10650,293
7bb2767b-2fc2-4c6b-9624-b8b32e567967,Earthdata Forum,Earthdata Forum,10650,293
0e5d3a47-a223-4377-848e-12422d2d4b2b,Earthdata Forum,Earthdata Forum,10650,293
519ba3c8-8593-4bad-9e7f-5232bf895a1f,Earthdata Forum,Earthdata Forum,10650,293
89d5f5b0-92cc-4671-a192-adad1e8214ad,Earthdata Forum,Earthdata Forum,10650,293
b9199ba1-bca3-4ad6-a7c5-e895038b65db,Thomas Morgan,Thomas Morgan,9595,264
4525a24c-cf7f-4767-9aa1-57d3cc84be5e,Earthdata Forum,Earthdata Forum,10650,293
445786a6-bb78-410e-90fe-6156cea3edbb,Planetary Data System,Planetary Data System,6214,171
09c78b97-8042-47f7-81fd-78f3ff8a703c,Earthdata Forum,Earthdata Forum,10650,293
6f992bf9-491b-4b03-a387-b76f7cebfe66,EDWARD BALABAN,(small maintainers),2082,57
eb3ca82e-25e8-4cd8-8cb3-c32e410c3aca,undefined,undefined,989,27
832f2d18-8f6b-4781-af25-5e6e8d8c3b0e,Earthdata Forum,Earthdata Forum,10650,293
1126bdbf-a4ec-4554-8b6b-2f512e58b11b,Earthdata Forum,Earthdata Forum,10650,293
6df5efe0-a290-41cf-b2af-bc7e56bad8d2,HEASARC Help Desk,HEASARC Help Desk,976,27
390b8f55-a61e-437e-bc02-e3218daea7ac,Thomas Morgan,Thomas Morgan,9595,264
1240eaec-04a0-4fcd-9cde-d5dbbdc62020,Thomas Morgan,Thomas Morgan,9595,264
8e70bf1b-6466-40e5-9499-d68201d4b5c2,Thomas Morgan,Thomas Morgan,9595,264
547bf746-4937-44b3-bf8e-1ef9aba9b7b7,Earthdata Forum,Earthdata Forum,10650,293
610293ac-7a40-4aa7-b3c8-dbdcec326a61,Thomas Morgan,Thomas Morgan,9595,264
10ae3e58-e438-408c-9ce5-cdc755c0a174,Earthdata Forum,Earthdata Forum,10650,293
bfcae3a3-d375-461a-b1c5-2c2f8d176945,Earthdata Forum,Earthdata Forum,10650,293
1cd798a2-9bef-4278-9763-adf800d08b72,Planetary Data System,Planetary Data System,6214,171
f34d2494-0b5f-42fa-bae0-619fc14f138a,IRSA Support,IRSA Support,419,12
629f0051-b418-44a0-9c63-80d3645f3588,NASA Space Physics Data Facility,NASA Space Physics Data Facility,3115,86
3f0f9ea1-c89a-4cc2-8043-a01d8384fa36,NASA Space Physics Data Facility,NASA Space Physics Data Facility,3115,86
851ea9b3-2db0-4444-8066-daabb73765e6,Earthdata Forum,Earthdata Forum,10650,293
32a5b82a-52b7-4b54-b861-2485229436b8,Earthdata Forum,Earthdata Forum,10650,293
3d751e55-2bf9-45f6-b0cb-09cbb9418841,Earthdata Forum,Earthdata Forum,10650,293
cd17901f-fc64-4f2a-8524-51d0daaf9986,Thomas Morgan,Thomas Morgan,9595,264
a5ccdf4b-daec-463e-9607-e7a4fd81361a,NASA Space Physics Data Facility,NASA Space Physics Data Facility,3115,86
423c2d21-1a21-46d7-9e90-3a235b14f5ac,NASA Space Physics Data Facility,NASA Space Physics Data Facility,3115,86
b47dd8cb-a1e8-4773-83fb-3189028354d9,Earthdata Forum,Earthdata Forum,10650,293
abe66e03-a9f0-4631-ab13-e1d0c25ab799,Planetary Data System,Planetary Data System,6214,171
20b53fb3-dc9e-4d5b-bfc3-cf05713f8bf5,Thomas Morgan,Thomas Morgan,9595,264
1af207bf-6117-4a66-807d-e7cb7d364a70,Kristan Morgan,(small maintainers),2082,57
40c3e3c8-94bc-4352-a797-058aae5cee4f,NASA Space Physics Data Facility,NASA Space Physics Data Facility,3115,86
d3221c8d-d58a-4d10-b4f8-4d8cff293465,Thomas Morgan,Thomas Morgan,9595,264
58567e04-a600-4547-b4ab-5f31824fbc48,GeneLab Outreach,GeneLab Outreach,322,9
d417c9c7-71cf-45d1-9ea9-15ceea41cf57,Earthdata Forum,Earthdata Forum,10650,293
8c793849-860f-4269-a890-db4fc34285fa,Planetary Data System,Planetary Data System,6214,171
2cfe5271-6576-4f7c-a9ca-bb7a525d9802,Thomas Morgan,Thomas Morgan,9595,264
36af2606-9c48-4b6b-92cf-3d5ddfb44a86,MARK SCHWABACHER,(small maintainers),2082,57
e2f97947-1b8e-4561-84c8-677a1fb649e1,Thomas Morgan,Thomas Morgan,9595,264
b8764679-70a0-47ba-980f-416c41fce263,IRSA Support,IRSA Support,419,12
6396a494-c81e-4137-8108-948fa337088f,Earthdata Forum,Earthdata Forum,10650,293
b87030bb-af33-4b0d-9593-cb1046be5196,Planetary Data System,Planetary Data System,6214,171
e53117a5-20c2-4c69-8877-e945058ea127,Earthdata Forum,Earthdata Forum,10650,293
6d6f126e-5d3c-4598-976a-1415d1088700,Earthdata Forum,Earthdata Forum,10650,293
705a107c-8469-42ae-8c13-ff0422c8ba18,Thomas Morgan,Thomas Morgan,9595,264
2dce4e1b-9184-46a4-bbfd-46eaf7f9e1f4,Earthdata Forum,Earthdata Forum,10650,293
86f0aeee-b920-4e7b-86d5-6127b8dcb401,Thomas Morgan,Thomas Morgan,9595,264
e7f54132-ba6a-4811-9fc8-45ecd7f38402,NASA Space Physics Data Facility,NASA Space Physics Data Facility,3115,86
6c0758cc-faed-4d4f-8991-6a20a9571332,Thomas Morgan,Thomas Morgan,9595,264
a0834a5d-bbbe-40c0-bdfc-a304e234db0f,NSIDC Services,NSIDC Services,653,18
46960b81-0782-4913-947c-3f4c49c7fa3b,Planetary Data System,Planetary Data System,6214,171
9f4f8716-ce55-4c34-b89c-a3abd128b653,Scott Goodwin,Scott Goodwin,144,4
a5770d5c-2913-4c6b-a8e2-c805ae86b2d2,Planetary Data System,Planetary Data System,6214,171
032baeaa-724a-4ff9-96a0-b7273be9873c,Thomas Morgan,Thomas Morgan,9595,264
54ec84e4-fea9-4221-a36c-eec74c50cd28,NSIDC Services,NSIDC Services,653,18
c4a9ed16-f66d-4bb4-95b8-d200f1a93ca0,Earthdata Forum,Earthdata Forum,10650,293
e85e8bf7-089a-4dcf-b7cd-f191df195cfc,Thomas Morgan,Thomas Morgan,9595,264
b8e3bf8c-2682-4031-8676-95807b91452f,undefined,undefined,989,27
0583bce7-5d65-401c-b564-c8c4c3f9446b,Planetary Data System,Planetary Data System,6214,171
1a6a8e27-9f62-4d56-80db-498236d3d68d,Earthdata Forum,Earthdata Forum,10650,293
fa4a33a7-23e4-4517-9e94-d7f88425a075,Thomas Morgan,Thomas Morgan,9595,264
977a698c-f1b4-4576-9169-fcbeabd91533,Planetary Data System,Planetary Data System,6214,171
a417b2a3-6cc6-425b-8676-76ce736aeb1c,Thomas Morgan,Thomas Morgan,9595,264
9c0cfd92-6d1c-4fbe-9a51-d6f6dfa4967c,NASA Space Physics Data Facility,NASA Space Physics Data Facility,3115,86
6fc3164a-5639-4f4b-b566-a49e2711ebc6,Thomas Morgan,Thomas Morgan,9595,264
ab221800-2048-4f51-837d-14cce58ca4c2,Earthdata Forum,Earthdata Forum,10650,293
7bf39945-3cd7-4bfd-b9bd-d56b588147df,Earthdata Forum,Earthdata Forum,10650,293
eb1738ca-a284-4816-9564-c24465ab750d,NASA Space Physics Data Facility,NASA Space Physics Data Facility,3115,86
4c25a40a-e259-4c4c-888f-711975d7bdd2,Earthdata Forum,Earthdata Forum,10650,293
45589274-d038-4de3-b325-20ffeb756204,Thomas Morgan,Thomas Morgan,9595,264
88d10833-bf2a-428d-a3bf-9bc30e87479b,NASA Space Physics Data Facility,NASA Space Physics Data Facility,3115,86
4a5d15fd-bd24-4267-8bfb-064310408f1f,Planetary Data System,Planetary Data System,6214,171
9b75e936-ee9f-4940-8be1-a67f76ef9342,undefined,undefined,989,27
636f341b-87e9-47be-bed5-da10eed8600b,Thomas Morgan,Thomas Morgan,9595,264
c574ca7c-77b6-40b4-8a4d-cd433c855827,Earthdata Forum,Earthdata Forum,10650,293
0ff31af8-3904-4733-8f66-0a8aafe0504c,Thomas Morgan,Thomas Morgan,9595,264
0106a230-7282-489c-9371-40113776093f,Planetary Data System,Planetary Data System,6214,171
7ce8a80e-9f17-45c2-85e6-cfad528bcd3b,Earthdata Forum,Earthdata Forum,10650,293
f490bcc4-48b2-4d88-9de3-1df6fc1e7ed9,Thomas Morgan,Thomas Morgan,9595,264
f8fdf381-7e19-4ffa-95c1-eaaf2dc15b38,Planetary Data System,Planetary Data System,6214,171
e6d2a2da-91e4-40d8-9caa-2ccc73ce26c0,NASA Space Physics Data Facility,NASA Space Physics Data Facility,3115,86
4cb78ba8-44f9-4296-b7c6-1f054f47aad3,Earthdata Forum,Earthdata Forum,10650,293
f64fb0f2-d283-4864-bb47-fa59c37a33e1,Planetary Data System,Planetary Data System,6214,171
b3d1767c-1903-468a-983b-3a25011aba41,Planetary Data System,Planetary Data System,6214,171
9f14523b-7bf4-4de2-bec7-1f4bdd8daad0,Thomas Morgan,Thomas Morgan,9595,264
07cd65af-8d2d-4e31-b1cf-127cb61c0a4b,Thomas Morgan,Thomas Morgan,9595,264
591534a8-8524-4ba5-b36a-fc62ea07ee30,Earthdata Forum,Earthdata Forum,10650,293
3649df16-7a26-4bee-bee7-0780a1b7b2ee,NASA Space Physics Data Facility,NASA Space Physics Data Facility,3115,86
85752449-2625-4d43-b49d-a005f8c89acc,NASA Space Physics Data Facility,NASA Space Physics Data Facility,3115,86
63694be7-a7fa-43cc-8947-57a31627cf84,Thomas Morgan,Thomas Morgan,9595,264
42a8b2be-b140-4c88-94ed-629f711c50ba,Earthdata Forum,Earthdata Forum,10650,293
51e9bf51-e73a-4399-9bf2-8966c2f0c78b,Thomas Morgan,Thomas Morgan,9595,264
6a0a8874-ee92-4229-bca0-9f721cb51c72,Thomas Morgan,Thomas Morgan,9595,264
970dbeab-a570-42fa-8d77-048eaee9f106,Thomas Morgan,Thomas Morgan,9595,264
9640b418-7cdd-4f0a-a389-629e03e9d34c,Thomas Morgan,Thomas Morgan,9595,264
d9e58266-d160-4537-99a8-72553ab0eba6,Earthdata Forum,Earthdata Forum,10650,293
3f2172a6-2790-46b4-b372-cf34ac4be259,HEASARC Help Desk,HEASARC Help Desk,976,27
ee37721d-9006-49ca-86b3-ebbda8d7bd15,Earthdata Forum,Earthdata Forum,10650,293
f0c98900-ae87-43e4-81d2-5851aa5a3100,NASA Space Physics Data Facility,NASA Space Physics Data Facility,3115,86
f44b9bca-0795-4631-b2d7-a0d2aaf24680,Earthdata Forum,Earthdata Forum,10650,293
27f82718-8e19-48fc-b865-468277992d65,Earthdata Forum,Earthdata Forum,10650,293
5b8010d3-dd31-4759-9709-092365e23773,Earthdata Forum,Earthdata Forum,10650,293
c34f6492-7a7d-478f-a228-8e0943c91f28,Planetary Data System,Planetary Data System,6214,171
9605236c-deb6-438f-be8b-e7333fbc901d,Earthdata Forum,Earthdata Forum,10650,293
637ab7e0-2d27-4866-8b65-a47afc2d3223,Thomas Morgan,Thomas Morgan,9595,264
3538dd1f-5093-4e70-840a-c944a4ed2f2e,Thomas Morgan,Thomas Morgan,9595,264
98093dcd-c705-4c3b-88a5-1028951f3b48,NASA Space Physics Data Facility,NASA Space Physics Data Facility,3115,86
1981109a-5eba-4747-a4a9-cfe68c679662,GeneLab Outreach,GeneLab Outreach,322,9
d6b15a4f-090e-4f6c-ad44-0685564894c7,Thomas Morgan,Thomas Morgan,9595,264
ac3d531e-d5e3-4236-9a51-83c671bf8a7a,Planetary Data System,Planetary Data System,6214,171
61478de1-371d-4ab8-a2b4-b8a19ad18e44,NASA Space Physics Data Facility,NASA Space Physics Data Facility,3115,86
ff800443-a071-40af-9376-5943ca4b05e9,Earthdata Forum,Earthdata Forum,10650,293
18721a87-98ef-41bb-9a6f-15da5f671276,Earthdata Forum,Earthdata Forum,10650,293
0461695a-8d1c-4d0f-9635-e35bda5d9e17,Planetary Data System,Planetary Data System,6214,171
b7da064c-70b1-463a-bb2b-5906c2d2ee80,Nikunj Oza,(small maintainers),2082,57
370ce4a1-520b-472d-9195-d0d4f261a7ed,Thomas Morgan,Thomas Morgan,9595,264
38f4040c-ed13-4e8e-a958-013db45c0293,Earthdata Forum,Earthdata Forum,10650,293
9f5f64c6-bbf2-47af-b12b-8b5240971565,Earthdata Forum,Earthdata Forum,10650,293
a1a613da-c289-4cf2-ab11-9145617c8c91,HEASARC Help Desk,HEASARC Help Desk,976,27
e94a5aec-2899-47a9-9f51-572626cfcc96,Brian Kumanchik,(small maintainers),2082,57
8e908e57-1bd8-46fc-9240-de7743d3785b,Earthdata Forum,Earthdata Forum,10650,293
81a6da1e-b9d7-4c68-bc3b-52f7f145fefa,undefined,undefined,989,27
b181bbe3-1569-4c6b-b45d-4f18f1021dc7,undefined,undefined,989,27
d2d954c1-074d-47cc-8da4-21c69f4c39f3,HEASARC Help Desk,HEASARC Help Desk,976,27
0683938c-c157-4bfe-bf91-0bd33c6e5e80,Thomas Morgan,Thomas Morgan,9595,264
e6291f9b-eed5-433e-b0b5-4e9d713c736a,Planetary Data System,Planetary Data System,6214,171
5d90db6a-e1c6-4e37-be21-8138cb4204c4,Earthdata Forum,Earthdata Forum,10650,293
eaa125c0-8408-4fb0-b69b-c6f7082da8e4,Thomas Morgan,Thomas Morgan,9595,264
e4266227-1b41-45c8-bda9-6c2f71af9772,Brian Dunbar,Brian Dunbar,108,3
eb9f1657-6cb0-478e-859b-6f2d0f562caa,Thomas Morgan,Thomas Morgan,9595,264
21ba3233-d63b-4670-b9c9-59f0369cc392,Thomas Morgan,Thomas Morgan,9595,264
37054a54-825e-4518-a3ef-b19447c6c762,Earthdata Forum,Earthdata Forum,10650,293
39771cba-c148-4cc7-a191-91f01ec96442,Earthdata Forum,Earthdata Forum,10650,293
f2ed26fd-87d6-4d46-a18b-d366b7851947,Planetary Data System,Planetary Data System,6214,171
08735c39-acbe-458a-aac4-7795b3cb0b90,Thomas Morgan,Thomas Morgan,9595,264
e7ccb326-87a3-412a-a08d-7808f0d8a95b,Thomas Morgan,Thomas Morgan,9595,264
3c6f1c5d-7610-4a81-9af8-ca5d70741b61,Earthdata Forum,Earthdata Forum,10650,293
f5c6ebbe-c3ea-4063-a04a-9648a9afa86d,LONG TERM ARCHIVE,(small maintainers),2082,57
66f32397-0a07-4948-8df8-e008d539ef02,Thomas Morgan,Thomas Morgan,9595,264
8c8514ce-16c7-4116-b549-dcbec153a8fd,Earthdata Forum,Earthdata Forum,10650,293
c1c7bcc1-4240-4a02-af62-a97dfd6c2a90,NASA Space Physics Data Facility,NASA Space Physics Data Facility,3115,86
32946d5e-72c1-4162-900a-446fbeb65bfe,Thomas Morgan,Thomas Morgan,9595,264
15347bc6-b2cb-45d6-a0dc-5fc56abb218e,Planetary Data System,Planetary Data System,6214,171
a04bb3ae-dd8d-4367-b6a8-3f9e543ccaaa,Planetary Data System,Planetary Data System,6214,171
d2d2e20d-e7dc-4ee4-a2b5-0dcb6dc4fffd,Planetary Data System,Planetary Data System,6214,171
a6f166bd-dec6-4ebe-9288-e8dc3a34b23c,Earthdata Forum,Earthdata Forum,10650,293
bb05f26a-5eaf-46e7-8afc-b1138f99ad90,Planetary Data System,Planetary Data System,6214,171
68223956-2380-4054-95c7-761aa09df980,Thomas Morgan,Thomas Morgan,9595,264
d924d59f-42d2-4f3f-9d35-95b21b332f92,Earthdata Forum,Earthdata Forum,10650,293
9bea8f96-753d-4b4e-8e5e-a51ed4508c3d,Thomas Morgan,Thomas Morgan,9595,264
56d3ae0b-d002-451f-a899-3bc8c72bfa73,Sawaengphokhai Parnchai,(small maintainers),2082,57
313267d4-5c58-494a-b84e-408d5a806fc2,Earthdata Forum,Earthdata Forum,10650,293
f0a96d4f-c475-48ec-8b36-d414e628c2e4,Earthdata Forum,Earthdata Forum,10650,293
cd318b88-68e6-4fac-8f48-90512314d0db,Earthdata Forum,Earthdata Forum,10650,293
c408dd22-2959-4c01-9016-06801cfda015,Planetary Data System,Planetary Data System,6214,171
b0272188-2ed9-4e8e-8632-74c38894d85f,Thomas Morgan,Thomas Morgan,9595,264
6179ca0c-5aa8-4374-828d-9791b737cc06,NASA Space Physics Data Facility,NASA Space Physics Data Facility,3115,86
543eb1f4-1ebf-4810-9840-8220c833270c,Earthdata Forum,Earthdata Forum,10650,293
db565b97-598b-454f-ae2a-1852e5bcc842,Earthdata Forum,Earthdata Forum,10650,293
09867b7c-03d4-4c98-9306-6728379bfc89,Planetary Data System,Planetary Data System,6214,171
711c5b2c-db3f-490c-a423-38f032748cdf,Open Science Data Repository Help Desk,Open Science Data Repository Help Desk,346,10
961ce4d6-2fb7-47ba-9af8-637e32306aa5,Thomas Painter,(small maintainers),2082,57
e229483f-107d-4e7c-aed4-c174ed6e981b,Earthdata Forum,Earthdata Forum,10650,293
f8dc8059-6104-4a21-8063-801700a59c82,Earthdata Forum,Earthdata Forum,10650,293
50bbf8ba-5449-4f8f-b663-582a300370da,Earthdata Forum,Earthdata Forum,10650,293
00f848dd-0925-4bbb-93f1-5e63fc4df75a,NASA Space Physics Data Facility,NASA Space Physics Data Facility,3115,86
6b48a12f-6cb7-4379-9a43-ecee50a0a5b7,Thomas Morgan,Thomas Morgan,9595,264
a65c29c3-98ec-4974-86ed-b61e5455198e,Planetary Data System,Planetary Data System,6214,171
4e4faedb-1c39-47d4-87a0-1fc56345d0a4,Thomas Morgan,Thomas Morgan,9595,264
ded150d0-0bf9-4e8d-a382-d9bd9ba40245,Planetary Data System,Planetary Data System,6214,171
3c9ab397-1ff7-4600-9a22-e985bf94cfc6,Earthdata Forum,Earthdata Forum,10650,293
1dc9aac9-5de7-48e3-95bc-7e14a0c7dbf7,Earthdata Forum,Earthdata Forum,10650,293
2007cc4f-7552-49a5-9db5-1ed7e336c53f,NASA Space Physics Data Facility,NASA Space Physics Data Facility,3115,86
56b4eecd-3662-44e1-8828-d7798b67938b,Thomas Morgan,Thomas Morgan,9595,264
963c3eb8-a8a4-4f15-83c3-9e088c5172f5,Thomas Morgan,Thomas Morgan,9595,264
7c1c4e28-a8b6-4773-a82d-f43821e3acd6,Earthdata Forum,Earthdata Forum,10650,293
16b92bca-617c-4728-a215-5d9eb869bd02,HEASARC Help Desk,HEASARC Help Desk,976,27
30038366-8cf3-45b5-afbb-3ac22f539a31,Planetary Data System,Planetary Data System,6214,171
008b82a0-2c82-4c67-9428-72beb23dd1b5,Bryan Matthews,(small maintainers),2082,57
e6fcfad9-d07a-41e1-93e7-b74aca1d8549,Planetary Data System,Planetary Data System,6214,171
0a720dc9-f73e-4c2e-921e-86121930d1b4,Planetary Data System,Planetary Data System,6214,171
66382a16-070f-4a58-bb03-477783713dc1,George Komar,(small maintainers),2082,57
255c0777-079f-4d97-96f8-04156549fbf1,Planetary Data System,Planetary Data System,6214,171
f478be90-6dfa-4ecb-b804-adb96a1a2d31,NASA Space Physics Data Facility,NASA Space Physics Data Facility,3115,86
28d4c4b9-f91d-4ec7-894c-704d6da21b4b,Thomas Morgan,Thomas Morgan,9595,264
0c70bfdc-d796-440a-9e24-3b1a2321e4a4,Earthdata Forum,Earthdata Forum,10650,293
2b0300aa-5db1-41f1-9fe1-b4c08fe53d2e,Planetary Data System,Planetary Data System,6214,171
05f17aac-0cc3-4901-82d2-27045f9bde28,Thomas Morgan,Thomas Morgan,9595,264
d9caad81-8950-472a-b5db-002d38c93957,Thomas Morgan,Thomas Morgan,9595,264
41d96b8e-dd05-4061-8196-fa2693ef513d,Earthdata Forum,Earthdata Forum,10650,293
857db0b8-6fbb-4222-9765-c5fef942bb2e,Earthdata Forum,Earthdata Forum,10650,293
f9428a0b-67b4-44bc-83db-8751c674d99e,Earthdata Forum,Earthdata Forum,10650,293
d9b24d63-feca-4fa9-ad56-e5223d78fc92,Thomas Morgan,Thomas Morgan,9595,264
45165734-a310-4a7d-9331-1721618b41fe,IRSA Support,IRSA Support,419,12
37e95f51-3e84-4cd2-b1d0-bfedbf187e2b,Earthdata Forum,Earthdata Forum,10650,293
7a4a5459-8fe0-4d35-8781-9802ecfb3ff3,Thomas Morgan,Thomas Morgan,9595,264
ed31d15b-f3e6-4c28-9cdb-f08d13264ca8,Bryan Matthews,(small maintainers),2082,57
e8bdfd81-5796-4735-9e97-478867c04cf4,Planetary Data System,Planetary Data System,6214,171
297db2fd-3890-47a6-9825-9682c0da6ee3,Thomas Morgan,Thomas Morgan,9595,264
81d675b7-6d38-4ebe-b91d-c6f269cce9ae,Herb Kennedy,(small maintainers),2082,57
20938558-91f9-4ba0-9670-847222541262,Planetary Data System,Planetary Data System,6214,171
92a63252-67a4-49ff-9ca2-eebf73f8b45f,Earthdata Forum,Earthdata Forum,10650,293
4e20a0a9-5f27-41e3-962e-65e21b511788,Planetary Data System,Planetary Data System,6214,171
3ad99e91-add1-4451-9d03-410a296436da,NASA Space Physics Data Facility,NASA Space Physics Data Facility,3115,86
2a8c0408-061c-479c-bb00-d38497be057f,undefined,undefined,989,27
e008161f-c768-423d-81b8-e68f040075db,Thomas Morgan,Thomas Morgan,9595,264
976675c3-f329-4341-8048-86422e16e1a7,Carlton Allen,(small maintainers),2082,57
ad6d4d1b-86f4-4c41-adc9-7ee5882f3a51,NASA Space Physics Data Facility,NASA Space Physics Data Facility,3115,86
d48a1505-22f6-4009-b22a-ef187355a2ac,Planetary Data System,Planetary Data System,6214,171
a5f1b095-09f2-4852-af81-8977acda2668,Earthdata Forum,Earthdata Forum,10650,293
706ddff3-adec-4b19-a972-578adcc7c07c,Planetary Data System,Planetary Data System,6214,171
0bb1148a-1af3-4370-85f4-5373f4dad6fa,Planetary Data System,Planetary Data System,6214,171
93a98cb8-ed71-40c7-b318-d657eba32872,Planetary Data System,Planetary Data System,6214,171
f8ebf11a-2088-4e86-80c2-216449b1543b,Thomas Morgan,Thomas Morgan,9595,264
143f8cfc-9828-400b-ac2a-53e7c0cbf22e,Earthdata Forum,Earthdata Forum,10650,293
ee0862d9-b041-4dcf-b032-d8bfa928a840,TechPort,(small maintainers),2082,57
acd992e6-9936-47fc-b1d3-817d72857584,undefined,undefined,989,27
ad1299fd-df94-4bad-8d43-303f7b47b72d,Earthdata Forum,Earthdata Forum,10650,293
aa0bdebb-c8e8-43fd-9fae-f6701b8c8c33,Thomas Morgan,Thomas Morgan,9595,264
050a1d4f-db23-4a34-9ec6-42b9aa968933,Thomas Morgan,Thomas Morgan,9595,264
b6999bee-9842-4c7a-94a0-01ef493c9604,Planetary Data System,Planetary Data System,6214,171
bb6afbd7-6643-4e2f-8dfa-78bb77e170f3,Planetary Data System,Planetary Data System,6214,171
0fb12e65-53da-4a72-8284-2d399a632523,Planetary Data System,Planetary Data System,6214,171
1d66f89a-007c-4067-8483-0a0ca0a32bba,Earthdata Forum,Earthdata Forum,10650,293
f26c2419-e564-40ab-a99a-f2b48f6190e8,Earthdata Forum,Earthdata Forum,10650,293
39a03dd0-8211-427d-8d66-e42db273c778,HEASARC Help Desk,HEASARC Help Desk,976,27
c2bec889-6154-4c84-90b0-17b75e75fe87,Kamalika Das,(small maintainers),2082,57
6878778b-c3c9-4890-9b2d-e20999eca468,Planetary Data System,Planetary Data System,6214,171
cea2d921-742c-4757-9cb1-b47d78a70998,Thomas Morgan,Thomas Morgan,9595,264
5b6c2e2b-2946-4b99-96f2-eb844a99a410,Thomas Morgan,Thomas Morgan,9595,264
a008b2bb-4f78-4d49-8d75-d9e2df25373b,NASA Space Physics Data Facility,NASA Space Physics Data Facility,3115,86
ad11fa69-5577-4c47-9482-e4e8cf2c0c88,Earthdata Forum,Earthdata Forum,10650,293
3a1fc7f1-9f0e-455a-aa95-d0c0adc4be20,Insoo Jun,(small maintainers),2082,57
8d2649c9-aca6-46c9-8cc6-da261ef78315,Earthdata Forum,Earthdata Forum,10650,293
84844a54-36ab-4a25-8abd-d8d962d9cf73,Planetary Data System,Planetary Data System,6214,171
584b2aa4-6bf0-44f3-9d2d-78ba81a46308,Earthdata Forum,Earthdata Forum,10650,293
ab8fc4d5-3d65-4ca5-ad61-ebed86629b89,Thomas Morgan,Thomas Morgan,9595,264
91d5e67e-c461-420e-828c-6784f2d436f7,Thomas Morgan,Thomas Morgan,9595,264
d40bb04f-6bcc-4fce-bc59-d576b00f33d3,Robert McGuire,(small maintainers),2082,57
b7e85aae-071f-4e5e-a82b-6ebd2a949bde,Thomas Morgan,Thomas Morgan,9595,264
3777c2db-2e2d-440b-9749-5c6f318107e2,Earthdata Forum,Earthdata Forum,10650,293
f659c56c-4b22-413b-a7f1-1e408fc83a0c,Thomas Morgan,Thomas Morgan,9595,264
2b9f9ec4-3145-4bda-826d-5109f206d3b3,HEASARC Help Desk,HEASARC Help Desk,976,27
5cdc1260-8c5a-4547-aac0-aef61579046d,Earthdata Forum,Earthdata Forum,10650,293
f8602dfc-1267-409e-947c-fb3597633dd2,Thomas Morgan,Thomas Morgan,9595,264
a2d3602c-7503-43e4-bced-b5fc44789bc2,NASA Space Physics Data Facility,NASA Space Physics Data Facility,3115,86
944827e4-f997-405e-921b-ce81ba365328,Earthdata Forum,Earthdata Forum,10650,293
ba5e22c4-0b03-4953-9605-ac80593e0b40,Thomas Morgan,Thomas Morgan,9595,264
4f761c22-715c-49c6-bd1a-e3b588683dc0,Earthdata Forum,Earthdata Forum,10650,293
9b4a4bcb-828f-427f-844e-8ebe0d5a14f1,Thomas Morgan,Thomas Morgan,9595,264
1d49d35a-4689-484b-b85f-37346d4e7458,Thomas Morgan,Thomas Morgan,9595,264
6ada0f00-d571-4a86-af3c-70eaf6ba655b,NSIDC Services,NSIDC Services,653,18
f0eca484-2092-4579-b1b0-bc5570d5f9d9,Earthdata Forum,Earthdata Forum,10650,293
1e5b4f9d-33f5-42c5-adf6-3f57c6f16049,Planetary Data System,Planetary Data System,6214,171
1d69d8a8-a70d-4078-b32b-2b7f5839437d,Thomas Morgan,Thomas Morgan,9595,264
64ff98b4-fd94-49df-95ee-6de5b6d9a1e2,Planetary Data System,Planetary Data System,6214,171
5962d9c3-f1e1-48b4-99c6-4d6b71123c1f,Earthdata Forum,Earthdata Forum,10650,293
aa0f0c06-df0a-49e4-ae05-6bd742d6250f,Elizabeth Foughty,(small maintainers),2082,57
f62075bc-d38e-47b6-8ee9-34d2205f643e,undefined,undefined,989,27
6992ee1a-4049-4512-ab1d-abb4e38b397e,Earthdata Forum,Earthdata Forum,10650,293
f2aaceda-0bc7-4693-8480-3ba31f34d50a,Earthdata Forum,Earthdata Forum,10650,293
3b7f744f-5ac2-485a-aebd-0c2b3e3923a0,Earthdata Forum,Earthdata Forum,10650,293
35a4ad63-5e22-41fc-b50c-3b577ff4264f,Thomas Morgan,Thomas Morgan,9595,264
a3836257-e85e-4543-bd85-0692a8bd48d7,Planetary Data System,Planetary Data System,6214,171
3fc8a404-688e-4bf3-b67b-b9df2cb10ba9,Thomas Morgan,Thomas Morgan,9595,264
177a3dfc-b767-4951-85ed-b949d43fa3dd,Open Science Data Repository Help Desk,Open Science Data Repository Help Desk,346,10
0bc45baf-9afa-4b06-93ce-7f17caca3764,Planetary Data System,Planetary Data System,6214,171
93f5fc9d-df44-432a-b2ed-78dad3847108,Thomas Morgan,Thomas Morgan,9595,264
b5df895c-f9c5-4844-b6e2-d0d3c7d58019,Remi Soummer,(small maintainers),2082,57
b713bb67-9a09-46a3-82bd-aa2220a91a12,IRSA Support,IRSA Support,419,12
91e31c0b-7d69-400a-b63f-266fdddb92e6,Thomas Morgan,Thomas Morgan,9595,264
2576b480-a4c8-43e0-9484-caf306492b5b,Thomas Morgan,Thomas Morgan,9595,264
e7c51a36-dbe0-478b-bc3c-8bad9538c229,Thomas Morgan,Thomas Morgan,9595,264
ddf410ca-c0e5-4c93-89c8-b593f3e75be1,Earthdata Forum,Earthdata Forum,10650,293
25088bcd-965b-468c-813c-a024f15f23af,Planetary Data System,Planetary Data System,6214,171
9b7ede66-31ac-4b63-9527-ceabd971300d,Planetary Data System,Planetary Data System,6214,171
b9f273f1-55ec-41ec-bbb2-6e576d270eff,Thomas Morgan,Thomas Morgan,9595,264
08d024dc-3514-4b16-a9c2-172d7d872d46,NASA Space Physics Data Facility,NASA Space Physics Data Facility,3115,86
0d149922-56ca-40b6-a933-66ba3da22344,NASA Space Physics Data Facility,NASA Space Physics Data Facility,3115,86
1ade6dbc-94ce-4d25-9237-89a451523305,Planetary Data System,Planetary Data System,6214,171
c08f24d1-8d16-42e2-b3aa-b9770c68a7d8,Open Science Data Repository Help Desk,Open Science Data Repository Help Desk,346,10
d532202c-fb41-4e80-80be-dd4b0e831b55,Earthdata Forum,Earthdata Forum,10650,293
46458123-ef8e-4364-863e-ea9e6d3d2f97,Thomas Morgan,Thomas Morgan,9595,264
63fa09ca-b22f-4bf2-8bc7-89578dc08aa0,Thomas Morgan,Thomas Morgan,9595,264
54818825-f5a8-4aba-ae94-c12671a0bb44,Earthdata Forum,Earthdata Forum,10650,293
b55da5ed-b225-48ed-a79a-62ea8205a3ec,Earthdata Forum,Earthdata Forum,10650,293
1cbce949-0016-4b0e-8300-04cbb2b48651,NSIDC Services,NSIDC Services,653,18
915fd18a-0c2f-484d-a1f5-86d0627edb88,Earthdata Forum,Earthdata Forum,10650,293
e3f68a47-8a34-41c5-baea-5d34495bdfe3,Earthdata Forum,Earthdata Forum,10650,293
bc1f00b1-a390-465d-b4fb-47015a60fbc9,Earthdata Forum,Earthdata Forum,10650,293
231094f2-04e1-41f7-ae62-3ffc8eb74a30,Thomas Morgan,Thomas Morgan,9595,264
98321b3f-bbaf-441b-bddc-5fbab8106b54,Earthdata Forum,Earthdata Forum,10650,293
da23511a-38a1-47d8-9e28-e54201ead6e2,Thomas Morgan,Thomas Morgan,9595,264
a57e6bd3-0ebe-4a0b-8e52-ffe8f4ca2025,Planetary Data System,Planetary Data System,6214,171
a987ca5a-7bc6-401b-8242-9504d983fb41,IRSA Support,IRSA Support,419,12
04545641-8f91-494e-9ee3-111e5249cff7,Earthdata Forum,Earthdata Forum,10650,293
fda3a673-36c1-4706-bc02-737082e1cbd5,Earthdata Forum,Earthdata Forum,10650,293
1eee8f69-6880-4ee0-978a-c15aa7e6c604,Abhinav Saxena,(small maintainers),2082,57
b34a8faf-e513-44df-b4b5-5c8f6421a03a,Thomas Morgan,Thomas Morgan,9595,264
e5ec366f-97aa-4d5c-a480-75ef0fb9e0ee,Thomas Morgan,Thomas Morgan,9595,264
d4850f45-7da7-4c8c-9bb4-771530ee5d48,Thomas Morgan,Thomas Morgan,9595,264
93f78827-4e92-4040-a78e-4f4ee87fbeac,Earthdata Forum,Earthdata Forum,10650,293
c14d308e-bf6b-4adb-b440-a6905c97c0f3,Thomas Morgan,Thomas Morgan,9595,264
60fb02b4-5cfb-451a-b218-d2c70eef87b0,Thomas Morgan,Thomas Morgan,9595,264
b8963c1e-463a-467b-a9eb-737f64e05b40,Earthdata Forum,Earthdata Forum,10650,293
52758517-75e8-45ea-8bbe-59423965a408,Earthdata Forum,Earthdata Forum,10650,293
2f37ace8-f374-4a15-82e8-8510f30ca3ee,Planetary Data System,Planetary Data System,6214,171
d3e46815-fdd1-48c3-855f-33ac0ef082a2,Planetary Data System,Planetary Data System,6214,171
fe0a665f-13fc-41c1-97a4-f90858b078b4,Planetary Data System,Planetary Data System,6214,171
2ff04bf0-c7f1-4a46-ac8a-69d75ec59418,Thomas Morgan,Thomas Morgan,9595,264
e45d6eb8-9707-4646-807a-f4a3e46b6eb5,NSIDC Services,NSIDC Services,653,18
0c740549-5581-4164-858b-3a1fd6381d13,Earthdata Forum,Earthdata Forum,10650,293
bbe284fa-91a3-4e94-a08d-9b9aa83520cf,Earthdata Forum,Earthdata Forum,10650,293
b63398ad-5c33-4a65-a3fc-1e22e9af78c4,Earthdata Forum,Earthdata Forum,10650,293
07bcca51-21db-4d03-b7af-05158ebbdb1b,Planetary Data System,Planetary Data System,6214,171
d6876bc1-d4e4-470d-be46-c1173eb26e1d,Earthdata Forum,Earthdata Forum,10650,293
bc62c777-5990-4376-aca4-df9cbe38b78c,Joshua Maurer,(small maintainers),2082,57
6edb03a8-4c38-4b47-be0e-ca75d40cba2d,Planetary Data System,Planetary Data System,6214,171
b7496129-d7ab-484d-8cd6-4fca0d4562ac,John M. Kusterer,John M. Kusterer,87,3
522ea570-515f-4ee7-afb9-858c0f4b841f,NORMAN LOEB,(small maintainers),2082,57
a5f06455-94bf-4e2f-8383-e1d98a6e1287,Thomas Morgan,Thomas Morgan,9595,264
3790eb2f-ae95-43b1-b42e-4b13824091af,Planetary Data System,Planetary Data System,6214,171
7768676b-1c6e-4690-a4fb-1a7a401b96ea,GeneLab Outreach,GeneLab Outreach,322,9
80cc7f66-921f-44d1-8e82-167bee666b46,Thomas Morgan,Thomas Morgan,9595,264
09626eef-f0d4-4d22-aed4-51c42d2c8f7f,Dennis Koga,(small maintainers),2082,57
7303873e-9a9f-4908-8157-dc278b9ec9f6,NASA Space Physics Data Facility,NASA Space Physics Data Facility,3115,86
4aa28d9b-d512-4375-8dc6-b7f7575f0f96,Earthdata Forum,Earthdata Forum,10650,293
fadead44-57d6-4352-a7d2-3bc204a04abd,Thomas Morgan,Thomas Morgan,9595,264
27cbadc4-18ab-44ff-8e7d-f808caa1a890,Thomas Morgan,Thomas Morgan,9595,264
d2226b34-2dae-4045-859f-8ea99a3f3c1a,NASA Space Physics Data Facility,NASA Space Physics Data Facility,3115,86
9c912769-7138-4691-9d17-3f3612a862ad,Beth Beck,Beth Beck,86,2
321ceebf-de59-4d68-99ca-7b4730028c6b,undefined,undefined,989,27
e38d9bdd-d0ab-420c-87c2-0cd251d12111,Thomas Morgan,Thomas Morgan,9595,264
3a569075-a948-4bb2-846c-37ae3eaa484b,undefined,undefined,989,27
99aaf7fc-92f4-48d7-ae27-c4278d0de641,Scott Goodwin,Scott Goodwin,144,4
288ea908-32e1-4aed-b26e-366ded9155f6,NASA Space Physics Data Facility,NASA Space Physics Data Facility,3115,86
4fe85edd-51d7-42b7-afc8-b8bf25617dbf,NSIDC Services,NSIDC Services,653,18
73dd3d50-117a-49ef-88a0-dd311e714893,Earthdata Forum,Earthdata Forum,10650,293
7168f132-d8f5-4fae-a341-c9a7275638e5,NASA Space Physics Data Facility,NASA Space Physics Data Facility,3115,86
c363e7e9-7285-404e-bf0c-31511b306b61,Planetary Data System,Planetary Data System,6214,171
d252ca89-287b-4402-8a50-abb17d5a6dff,Planetary Data System,Planetary Data System,6214,171
5fb30490-d037-4a89-8e57-f1dd2cfa378c,Thomas Morgan,Thomas Morgan,9595,264
11a47151-4be8-4e70-be21-b6f206c9c717,Thomas Morgan,Thomas Morgan,9595,264
042cfa22-dcea-44e3-8416-8067407dfcc5,Earthdata Forum,Earthdata Forum,10650,293
c0f2061b-0f89-4af7-b36d-ae92b6b0f224,Thomas Morgan,Thomas Morgan,9595,264
2e48227f-2041-4e17-a5d9-c66c238c2874,undefined,undefined,989,27
c0f9f484-fc9a-41df-a7b0-a25928da8bc7,Earthdata Forum,Earthdata Forum,10650,293
58f7ed15-2345-4f3b-9c28-991464a2c4eb,Earthdata Forum,Earthdata Forum,10650,293
f2ac2361-0f35-4e32-98a9-f52037ecedc0,Thomas Morgan,Thomas Morgan,9595,264
c1d84373-1f2f-4471-b3a5-11fd9a813ae5,Thomas Morgan,Thomas Morgan,9595,264
f416c90e-1ad5-4728-9fbd-224fe649c877,Earthdata Forum,Earthdata Forum,10650,293
76bb0e0d-5c15-45de-84bb-25a3a8b97aba,Planetary Data System,Planetary Data System,6214,171
de814020-3fd7-4c5b-b607-365f2ad405f9,Planetary Data System,Planetary Data System,6214,171
d521d16d-aeda-4750-bb41-a38cc8cbe893,Thomas Morgan,Thomas Morgan,9595,264
46ef7e90-fb72-4bd9-b280-961f4cf57451,NSIDC Services,NSIDC Services,653,18
e568cf9e-9fe0-4a9c-9e55-77d0cee0eba2,Thomas Morgan,Thomas Morgan,9595,264
d4981a8a-5c0e-4be6-838c-d6b0dec5cf7b,Thomas Morgan,Thomas Morgan,9595,264
cb41b512-f5fc-4742-a3ba-bced1c5a4d9c,Earthdata Forum,Earthdata Forum,10650,293
d848ae25-4f41-47c8-80db-1f79535ba63a,Earthdata Forum,Earthdata Forum,10650,293
2768a991-c82d-4d6a-88ee-d71897c5b62c,Thomas Morgan,Thomas Morgan,9595,264
715cf786-57d9-45d9-97a7-c5797fef0105,NASA Space Physics Data Facility,NASA Space Physics Data Facility,3115,86
9d8db224-7022-4080-a200-028b75942180,NASA Space Physics Data Facility,NASA Space Physics Data Facility,3115,86
95001bee-6d40-4922-b34d-8050ff8d9450,Earthdata Forum,Earthdata Forum,10650,293
6cd8b01d-17db-4c04-9eea-877ac0d4f7ac,Planetary Data System,Planetary Data System,6214,171
9e69e25b-60dd-462d-9028-236e9be4040a,HEASARC Help Desk,HEASARC Help Desk,976,27
44f35ed7-c0b8-4b30-b87f-e23da377f244,Earthdata Forum,Earthdata Forum,10650,293
afb1bd53-0707-44ab-a35b-fb98918c5e97,Earthdata Forum,Earthdata Forum,10650,293
fac88da9-b14a-46f7-87b3-e21aff75c057,Earthdata Forum,Earthdata Forum,10650,293
19a8d25b-2b71-4742-9346-e887fde92aab,NSIDC Services,NSIDC Services,653,18
06eb8d68-c98e-4e7f-83fd-7a70ec5f0b35,Earthdata Forum,Earthdata Forum,10650,293
358b0f2a-5904-4d77-b536-dfcf636af862,Earthdata Forum,Earthdata Forum,10650,293
d9121de1-fa39-48df-8714-f0ecff241655,HEASARC Help Desk,HEASARC Help Desk,976,27
bc2be73d-204b-4c42-9382-d593f515bd0d,Earthdata Forum,Earthdata Forum,10650,293
939b2ed6-3b23-4c23-85ef-685bd7b40ee8,George Komar,(small maintainers),2082,57
c8e21c82-abe7-4569-8445-9bee9d1d5f3b,Thomas Morgan,Thomas Morgan,9595,264
2e454978-0592-4d9d-9ee3-f4dfca1b82bf,Beth Beck,Beth Beck,86,2
f637127e-8839-453f-82f4-e276e744f01a,Kim Tolbert,(small maintainers),2082,57
86653a47-e2d3-4561-a547-ff4f6277b07f,Ed Hoffman,Ed Hoffman,157,4
90b9acc4-d01e-4f5e-bcd1-30e3167a6e56,Thomas Morgan,Thomas Morgan,9595,264
ba71b4a0-48bb-4c17-9369-ea39ca98a5aa,Planetary Data System,Planetary Data System,6214,171
9794d91f-d2ee-4c88-90d8-c5668f795d09,NSIDC Services,NSIDC Services,653,18
53235cdc-141d-41f4-ae44-91bbf94332d6,undefined,undefined,989,27
4c3ea3c5-7f4c-4b8c-a0f3-4dced1927403,Thomas Morgan,Thomas Morgan,9595,264
43694e4f-6fb9-4409-96bb-23fbb4e13db0,Earthdata Forum,Earthdata Forum,10650,293
15a07385-22c8-4e50-8552-4e7091c78814,Earthdata Forum,Earthdata Forum,10650,293
b391242f-b7b0-46ce-ae21-94a9ac254456,Thomas Morgan,Thomas Morgan,9595,264
5667efd0-3cfd-4fef-8449-50f358b23848,Scott Goodwin,Scott Goodwin,144,4
e59d358c-658b-45b2-b0bf-f268d761dfb1,Planetary Data System,Planetary Data System,6214,171
f681b039-669b-41a2-9092-dc6d23c1f75b,NASA Space Physics Data Facility,NASA Space Physics Data Facility,3115,86
9ffdfaa3-71b0-4f70-a02a-5924c6957ead,Planetary Data System,Planetary Data System,6214,171
601c112b-0596-4228-92f8-9614718f4337,Earthdata Forum,Earthdata Forum,10650,293
a3e7e2ed-9620-49e5-a13f-9cd660d144a8,Thomas Morgan,Thomas Morgan,9595,264
7c98d927-890f-4d4b-a486-758b9e19538b,Thomas Morgan,Thomas Morgan,9595,264
1d7b2ad4-2f4d-4eb0-b25a-5320d2613789,Earthdata Forum,Earthdata Forum,10650,293
e8882087-a894-40ab-ae93-da866adb2fea,Earthdata Forum,Earthdata Forum,10650,293
9d774435-7fb6-4eed-b583-00601d49a463,Thomas Morgan,Thomas Morgan,9595,264
a48497f7-ad15-45de-b785-2f0a22c5a137,Thomas Morgan,Thomas Morgan,9595,264
49e4260e-d306-47bc-9207-3c3ed8fa0bd0,Earthdata Forum,Earthdata Forum,10650,293
bcdb2758-8069-4bb2-b286-9aec54b41387,Thomas Morgan,Thomas Morgan,9595,264
997eedb7-4415-40ab-8288-9e56f7871623,Earthdata Forum,Earthdata Forum,10650,293
5930fc5c-4440-4555-b355-3d9cbf5385cd,Planetary Data System,Planetary Data System,6214,171
73239d01-be49-47e3-aae6-23376a7011e9,Earthdata Forum,Earthdata Forum,10650,293
09ea32d7-ae1e-4b2c-b7cf-490be3f54054,undefined,undefined,989,27
9562acb2-05ce-48e8-85ca-0e7d5589b154,Planetary Data System,Planetary Data System,6214,171
fb9d9527-8af9-401a-b309-07d88f734a6f,Earthdata Forum,Earthdata Forum,10650,293
91cf3445-e7eb-4c12-b861-9f5b56214b22,Earthdata Forum,Earthdata Forum,10650,293
3e8fddcd-b60d-4bbe-9d1f-f5a8f4d9b8a8,undefined,undefined,989,27
7b0ffd94-e781-4be2-ae4f-5f98db0f4db3,Thomas Morgan,Thomas Morgan,9595,264
6ffcf4a9-8652-4427-829a-a70c971058dd,NASA Space Physics Data Facility,NASA Space Physics Data Facility,3115,86
84ed203b-6d15-496a-a4e0-a92da55b898c,Thomas Morgan,Thomas Morgan,9595,264
8a64629c-1f1c-4a09-a668-8edc797d7819,Planetary Data System,Planetary Data System,6214,171
630d322f-2b43-429d-a1f7-dd2c6c6a73ad,Earthdata Forum,Earthdata Forum,10650,293
9f34371a-7285-47b2-82a1-2cf10caea58e,Planetary Data System,Planetary Data System,6214,171
74d48483-a53a-4abc-bb6a-bc57f0d39546,Thomas Morgan,Thomas Morgan,9595,264
a6e9cf26-9a59-42ef-9b6c-7ad68c00bb37,Earthdata Forum,Earthdata Forum,10650,293
873da2b0-ce06-4517-92dc-eecc80e425b6,Earthdata Forum,Earthdata Forum,10650,293
4ec448bb-927b-4fc6-a455-d91689857dcc,Planetary Data System,Planetary Data System,6214,171
231e2ea9-f95c-42e1-99c0-c031c2e14d8d,Earthdata Forum,Earthdata Forum,10650,293
bb41df9a-99a3-44df-b9da-e04c38dccfe5,HEASARC Help Desk,HEASARC Help Desk,976,27
a1b92a04-37ad-44ea-9bbb-3a6cf8314472,Si-Chee Tsay,(small maintainers),2082,57
6f469eef-1cab-4dc9-b393-14ca42bb606d,Planetary Data System,Planetary Data System,6214,171
141e0e0a-431d-447b-9a97-5ee0db226b1d,Earthdata Forum,Earthdata Forum,10650,293
6a74db50-48aa-4ff8-a4f5-8a538d325f68,Planetary Data System,Planetary Data System,6214,171
f69d3dba-b7be-464b-a685-c493728d7055,Earthdata Forum,Earthdata Forum,10650,293
07d8baf4-221e-4350-bbde-fb9c808a3e71,Thomas Morgan,Thomas Morgan,9595,264
01f519d6-f634-496b-bd75-66693d0172d5,Planetary Data System,Planetary Data System,6214,171
e254e881-be9d-411c-9fb0-0e8fcc40b13d,Planetary Data System,Planetary Data System,6214,171
40260645-75b2-4cd4-8bfa-6b924224a382,GeneLab Outreach,GeneLab Outreach,322,9
4f12e530-eb1f-49eb-abc1-6d10df7c4347,Earthdata Forum,Earthdata Forum,10650,293
cb7aa98e-3078-47db-b15d-cc562f1c4f8b,Earthdata Forum,Earthdata Forum,10650,293
3447be5c-f1e3-4ff9-9e48-0fd198d52f83,Thomas Morgan,Thomas Morgan,9595,264
ecb7e30a-b28d-448a-a594-4a8386891d56,Thomas Morgan,Thomas Morgan,9595,264
5c4c9e32-5e3f-42b6-9a95-785d573c330e,Earthdata Forum,Earthdata Forum,10650,293
1294c2a7-97d4-44bb-b052-c921e417f493,Earthdata Forum,Earthdata Forum,10650,293
95ae01bf-4568-4e41-83ad-05b08fb46d98,Thomas Morgan,Thomas Morgan,9595,264
32b136ce-4559-4396-b7a2-97ad10319600,Planetary Data System,Planetary Data System,6214,171
f8722261-7159-4495-92c2-64f28c26978e,Thomas Morgan,Thomas Morgan,9595,264
9683a8a2-40c9-4161-bc6b-fbb105a63d06,HEASARC Help Desk,HEASARC Help Desk,976,27
bf232136-661c-451d-8fe7-3abdc00b9df8,Planetary Data System,Planetary Data System,6214,171
a84bac38-515b-4923-977c-1ce71b1dc6a6,NASA Space Physics Data Facility,NASA Space Physics Data Facility,3115,86
c474cd8a-2033-4d0e-b201-d9cac602dbc5,Thomas Morgan,Thomas Morgan,9595,264
507af1ba-791d-43b1-bc1a-d4bbda84d943,Thomas Morgan,Thomas Morgan,9595,264
8fca5e05-d359-45d9-a86f-c5678970f21b,NASA Space Physics Data Facility,NASA Space Physics Data Facility,3115,86
85ef2693-e896-46c4-9596-9da6762bd2aa,Thomas Morgan,Thomas Morgan,9595,264
d30cb26f-3ac5-4df3-92c4-a390401e6b60,NASA Space Physics Data Facility,NASA Space Physics Data Facility,3115,86
c0a3213d-5376-470d-b2a4-150b8be8ecd6,NSIDC Services,NSIDC Services,653,18
ece7d658-5af0-4d15-82a3-6541e2abfdf8,Earthdata Forum,Earthdata Forum,10650,293
bb9ccae7-023a-484c-a5a4-5255effc4847,Earthdata Forum,Earthdata Forum,10650,293
d7b23b8f-fd32-4b30-934f-bb472b79a142,Open Science Data Repository Help Desk,Open Science Data Repository Help Desk,346,10
4e03f1d4-342f-4517-977e-0f726664e775,NASA Space Physics Data Facility,NASA Space Physics Data Facility,3115,86
c6a6bad0-7b64-49a4-9cf6-cf4e8911af4f,Thomas Morgan,Thomas Morgan,9595,264
32cf1703-2820-4b02-b2ac-2ba5aa2c1159,Earthdata Forum,Earthdata Forum,10650,293
bf27f39a-fb1d-481d-8669-751aa60aca76,Earthdata Forum,Earthdata Forum,10650,293
62adfa90-d664-45f5-baee-723944b590d3,Thomas Morgan,Thomas Morgan,9595,264
6f41b9fb-b2b0-46f7-80d6-f9e19032c34a,Earthdata Forum,Earthdata Forum,10650,293
be2ce3a5-dda3-446c-930c-e7753ddfb91f,Thomas Morgan,Thomas Morgan,9595,264
4cb7fea9-6332-48a8-bb12-e038f9fb5dc4,NASA Space Physics Data Facility,NASA Space Physics Data Facility,3115,86
cfa19de0-2b10-43dd-9cd6-62d839782e59,Thomas Morgan,Thomas Morgan,9595,264
7f21c512-97f7-42b4-9cb1-c999557f3df1,Christopher Rumsey,Christopher Rumsey,178,5
e789ac47-f0eb-4771-8bf6-a55dd08064d0,Scott Goodwin,Scott Goodwin,144,4
5612b75d-a608-4a10-aecc-27fa64632399,HEASARC Help Desk,HEASARC Help Desk,976,27
748a88e6-afa5-40ac-88bc-81c5176b9cb7,Thomas Morgan,Thomas Morgan,9595,264
4f4d0858-25a9-43c1-8d02-5bc4ee96e391,Andrey Savtchenko,(small maintainers),2082,57
74909cf1-968d-427d-8ddc-9993db14e893,Lori Parker,(small maintainers),2082,57
03e975e7-c181-4926-b406-757944acfc1f,Thomas Morgan,Thomas Morgan,9595,264
fb247212-7f0d-466b-82de-2db4d2923262,NSIDC Services,NSIDC Services,653,18
8a0f846f-b8cd-42bb-9de7-2799a1da6067,Thomas Morgan,Thomas Morgan,9595,264
770be602-07c8-4105-bae4-779463f73a22,Planetary Data System,Planetary Data System,6214,171
fd0e0c3c-bde6-4484-8391-f9714b2c6985,Planetary Data System,Planetary Data System,6214,171
9d3331fd-a6dc-4db1-aa0a-9266cbe54f40,Earthdata Forum,Earthdata Forum,10650,293
0e189783-c54c-4d94-b965-382a0169882b,Thomas Morgan,Thomas Morgan,9595,264
34d26fbe-9358-4d6e-923a-a00e5d00a2c6,Earthdata Forum,Earthdata Forum,10650,293
3df3db39-2645-4a2d-bfb8-c7b50e405cfc,HEASARC Help Desk,HEASARC Help Desk,976,27
4f43cea1-6d32-48a8-bcf2-23c2b13de3e6,Earthdata Forum,Earthdata Forum,10650,293
a704945f-65ea-45c1-9259-4d016b82a2c5,Thomas Morgan,Thomas Morgan,9595,264
bc3d4429-d08f-4f1e-9cf8-9cdc068f14ca,Kanishka Bhaduri,(small maintainers),2082,57
ad143b0a-05d8-4d52-827b-39b8f108b371,Planetary Data System,Planetary Data System,6214,171
7006d05b-7821-4594-a27f-ef25ba6e386f,Thomas Morgan,Thomas Morgan,9595,264
fb3345e5-557a-44d7-9277-6b2e96888934,Earthdata Forum,Earthdata Forum,10650,293
a348f433-5890-486f-9be3-d1488c6436e8,Earthdata Forum,Earthdata Forum,10650,293
10713f7d-13bc-4b68-bd98-450a89433c22,NASA Space Physics Data Facility,NASA Space Physics Data Facility,3115,86
861fbe0b-57b9-4f72-8756-f1641b89798d,Thomas Morgan,Thomas Morgan,9595,264
35690464-a8ba-42ff-baad-aa3678e1d7c5,NASA Space Physics Data Facility,NASA Space Physics Data Facility,3115,86
2952c84d-20b7-4f12-b6a6-d8bad5709dfe,Planetary Data System,Planetary Data System,6214,171
40866f76-3f40-41f3-bb21-de9ae39236ca,NASA Space Physics Data Facility,NASA Space Physics Data Facility,3115,86
9d008eb2-c8fb-4f02-a172-875dc9799f8b,Planetary Data System,Planetary Data System,6214,171
f5f1ab06-8f9d-4e2c-932f-4f13c287ef69,Earthdata Forum,Earthdata Forum,10650,293
b4a68229-35f7-47eb-b1b8-a90002c304f2,Planetary Data System,Planetary Data System,6214,171
5eb8e6ea-650e-44aa-828a-2d978ccbf8c7,HEASARC Help Desk,HEASARC Help Desk,976,27
3096b4e0-cc1f-4a39-b025-ae47312aeaf6,Thomas Morgan,Thomas Morgan,9595,264
73958b51-0a7d-43c8-9ec1-9a13ccee726d,Earthdata Forum,Earthdata Forum,10650,293
3642884d-b734-485d-9e25-994ca27e07dc,NSIDC Services,NSIDC Services,653,18
6faf88e4-1b9c-4f72-aaaf-e62e609c34ab,Thomas Morgan,Thomas Morgan,9595,264
c3c9580f-61dc-46c3-a47b-453ef28fe3c0,Thomas Morgan,Thomas Morgan,9595,264
6fe3cc56-ab0b-4b57-8ed1-170718059e63,Thomas Morgan,Thomas Morgan,9595,264
1aca9fa1-3b66-4370-9b73-725378224a7e,Thomas Morgan,Thomas Morgan,9595,264
57bd4281-41e4-4b3a-813b-61b18ae117b5,Thomas Morgan,Thomas Morgan,9595,264
6f4dade8-0b55-4b45-b615-43f54fac60a2,Planetary Data System,Planetary Data System,6214,171
ac9a4991-627e-4a2f-8a83-77fb9cafae4e,NASA Space Physics Data Facility,NASA Space Physics Data Facility,3115,86
c6f38093-e104-4ebf-9572-0c838c219170,Ed Hoffman,Ed Hoffman,157,4
0315e604-91d7-4192-b978-7d72f8f9736d,Thomas Morgan,Thomas Morgan,9595,264
f3089109-93e1-4c33-8766-70344b0b963d,NASA Space Physics Data Facility,NASA Space Physics Data Facility,3115,86
bc411839-67d6-4972-8f62-8cbdc91cfce6,Thomas Morgan,Thomas Morgan,9595,264
c44cf3f4-12b0-4718-bc79-087557a6aeda,Earthdata Forum,Earthdata Forum,10650,293
0171792d-9f58-4a36-98dc-e72ea4b9e659,Thomas Morgan,Thomas Morgan,9595,264
18f4c69c-3792-4437-895c-357b3afcff67,Thomas Morgan,Thomas Morgan,9595,264
3f17c635-8b86-4873-98bf-5852b423f3dd,IRSA Support,IRSA Support,419,12
c2a9b9d3-a8c6-48ba-badd-31aebbc5e2b7,NASA Space Physics Data Facility,NASA Space Physics Data Facility,3115,86
a0537013-72df-4cb9-8e9f-2d3207d26221,Earthdata Forum,Earthdata Forum,10650,293
1fb46da6-aa08-44f2-ae5f-826d09babb11,Planetary Data System,Planetary Data System,6214,171
8fcc4382-a1c1-4e90-a79f-51eb0f28cd62,NASA Space Physics Data Facility,NASA Space Physics Data Facility,3115,86
5ce5d706-efac-4473-a659-3c528325dcb2,Open Science Data Repository Help Desk,Open Science Data Repository Help Desk,346,10
5b0cbff6-6158-4c89-8eb3-b0fb3f3727a9,Thomas Morgan,Thomas Morgan,9595,264
3f5f23ec-930b-46e2-8290-adb314825d4d,Earthdata Forum,Earthdata Forum,10650,293
a71ac692-8870-4155-8eb8-e91c04c383ac,Earthdata Forum,Earthdata Forum,10650,293
b528ad21-2f00-4b0c-80ef-e55bec888b1f,Earthdata Forum,Earthdata Forum,10650,293
cea091ae-86ec-435f-9fa2-e608ef6516b1,Brian Dunbar,Brian Dunbar,108,3
60e16de8-87ed-41d7-a31c-c69de69065e8,Thomas Morgan,Thomas Morgan,9595,264
994bb86a-b748-4694-9b74-c7296cc1c18b,Thomas Morgan,Thomas Morgan,9595,264
088cc968-e622-492f-a94b-f90957132acf,Thomas Morgan,Thomas Morgan,9595,264
311faf13-2e32-4a7a-8ab6-4540be134554,Earthdata Forum,Earthdata Forum,10650,293
c5b1c0c8-1661-444c-8e75-41a455ff0063,Earthdata Forum,Earthdata Forum,10650,293
76d4d430-4c60-4777-b309-4a87c1f3b379,Earthdata Forum,Earthdata Forum,10650,293
7139e659-4957-4da8-b020-09bb99224d7a,Earthdata Forum,Earthdata Forum,10650,293
e860b249-4e1c-4183-8652-04334638c4e2,HEASARC Help Desk,HEASARC Help Desk,976,27
b0097b66-e359-473c-afbf-f6c01780d528,Thomas Morgan,Thomas Morgan,9595,264
7ad49e92-6c54-4d08-bb44-1b4bb6a02035,Thomas Morgan,Thomas Morgan,9595,264
b3614a22-81a7-4df6-a718-21429eaf163d,Earthdata Forum,Earthdata Forum,10650,293
c1a2cd24-2799-48e3-a64f-56ac202532b1,Planetary Data System,Planetary Data System,6214,171
9014e960-b546-4253-a3fc-d84e5f071549,Planetary Data System,Planetary Data System,6214,171
04e141ce-096d-48ce-a499-c0cf0811ca02,Christopher Rumsey,Christopher Rumsey,178,5
5cfeab8f-d502-4bd0-bf39-5fd9ad7cf7b2,NSIDC Services,NSIDC Services,653,18
d55221a8-a737-4119-8249-9c59f664518b,Earthdata Forum,Earthdata Forum,10650,293
fdb711fb-0693-4b9e-8a4e-4f548e1d0200,Earthdata Forum,Earthdata Forum,10650,293
541f72ff-44c7-4279-9270-655bbcadfa6a,Thomas Morgan,Thomas Morgan,9595,264
6c2fa08f-31be-4bce-8cba-39565481260b,Open Science Data Repository Help Desk,Open Science Data Repository Help Desk,346,10
56537c8f-296a-4fd3-a583-5533a5777fc8,Earthdata Forum,Earthdata Forum,10650,293
3f37694f-5bd9-4eab-98b2-2ea838fc6ab9,Planetary Data System,Planetary Data System,6214,171
a4c8e76b-e21f-4ff8-9082-aec0ad39a94e,NSIDC Services,NSIDC Services,653,18
573d855e-086c-4633-b8b8-ef44a6990976,Earthdata Forum,Earthdata Forum,10650,293
c9cf1d1e-06fc-4743-8eeb-67a5a6d368ef,Scott Gluck,(small maintainers),2082,57
17c27908-d156-477f-8169-3fa1d26e80df,Earthdata Forum,Earthdata Forum,10650,293
ab8c402d-a67d-4f7c-a7d7-4241bbf32fa6,Earthdata Forum,Earthdata Forum,10650,293
ae50a21e-00d2-4326-a877-7403be28438d,Thomas Morgan,Thomas Morgan,9595,264
3c44583c-49dd-4f1b-a14f-e39842838bd7,Earthdata Forum,Earthdata Forum,10650,293
abec0067-7c1d-48a5-8e61-657423546407,Earthdata Forum,Earthdata Forum,10650,293
e9b1e71f-4abc-418f-a500-b564d63a946f,NASA Space Physics Data Facility,NASA Space Physics Data Facility,3115,86
5e45ff6e-3a46-4ca3-9374-17b758d87cd8,Earthdata Forum,Earthdata Forum,10650,293
e87dec52-549e-4aa3-a497-4c188fed4b92,Thomas Morgan,Thomas Morgan,9595,264
0846143a-06f0-4ded-8e27-23f325d80302,Planetary Data System,Planetary Data System,6214,171
a4c77910-d7ed-495b-9832-569db0be1f73,Thomas Morgan,Thomas Morgan,9595,264
8ac324e1-40c5-4489-9522-3be8d7936402,Earthdata Forum,Earthdata Forum,10650,293
0bc325d6-22a4-49f3-9f67-d017d79dfd22,Earthdata Forum,Earthdata Forum,10650,293
a3f75845-4b6d-4ebc-a3de-0ead79cbeb72,Earthdata Forum,Earthdata Forum,10650,293
567b7806-ca46-4ebe-9510-6044b4882da8,Earthdata Forum,Earthdata Forum,10650,293
72231abe-12be-4244-a7a3-eda799343322,NASA Space Physics Data Facility,NASA Space Physics Data Facility,3115,86
ef2883e0-1f9c-4681-832b-95fb68ace426,Planetary Data System,Planetary Data System,6214,171
39f83c29-6edd-44b4-bdfe-d23df337d78a,undefined,undefined,989,27
46aa53bd-c7e6-4b4e-b0f1-5f362ef22db6,Paul Bui,(small maintainers),2082,57
894f5b78-1c57-4949-8f1a-96630a6e50dd,Earthdata Forum,Earthdata Forum,10650,293
61356bb8-acd8-476f-a5af-fbccddc6ee8a,HEASARC Help Desk,HEASARC Help Desk,976,27
3d84a9c2-c1b3-41f9-9348-3f0f11790eb3,GeneLab Outreach,GeneLab Outreach,322,9
2adbd776-8250-458c-b104-53e2fdb18b82,Thomas Morgan,Thomas Morgan,9595,264
533cd794-b183-4d6d-b3c2-51b29b998775,Planetary Data System,Planetary Data System,6214,171
0cdd452a-8628-4cc6-9ab1-c4eaecb52954,Earthdata Forum,Earthdata Forum,10650,293
0d6acab5-20c5-400e-a5c7-14d4537d8607,Jessica Hausman,(small maintainers),2082,57
0d6204e8-135f-4602-8964-1d2ab78efa4c,NASA Space Physics Data Facility,NASA Space Physics Data Facility,3115,86
2619aef4-5315-458b-a253-391ee9ec8fc7,Planetary Data System,Planetary Data System,6214,171
27ab44fe-2f56-4787-a898-b5b08ce013c4,Earthdata Forum,Earthdata Forum,10650,293
3100d57f-4702-4b23-a6e1-53944745791d,Earthdata Forum,Earthdata Forum,10650,293
62604632-a8bb-4200-8076-9981aee2793d,Planetary Data System,Planetary Data System,6214,171
bd43753a-14cc-42b8-84b2-141e2ddb405e,Thomas Morgan,Thomas Morgan,9595,264
386feaba-2d80-47c7-ba38-728ed92c7b5a,Planetary Data System,Planetary Data System,6214,171
66b65b94-db40-4afa-8c38-0024cf5219ba,Thomas Morgan,Thomas Morgan,9595,264
1b238b1a-3c71-4bff-a52f-2042306e30a6,Thomas Morgan,Thomas Morgan,9595,264
10de7579-dbc1-46ed-a135-a2fb2caf2f64,Planetary Data System,Planetary Data System,6214,171
c9f41dc1-7012-4625-b3c1-4fa632018dd2,undefined,undefined,989,27
6995194f-7014-4465-9815-70eb7d319ac5,Earthdata Forum,Earthdata Forum,10650,293
112bbfb7-698b-492d-9132-5d0ea581cc6a,Earthdata Forum,Earthdata Forum,10650,293
89b9cf09-5eaf-432a-80fe-8e4a44a372c8,John M. Kusterer,John M. Kusterer,87,3
5a2a4b63-b52b-4cad-84a2-564064880eca,Thomas Morgan,Thomas Morgan,9595,264
e0fdb6e3-ee68-44b6-95b1-f24f1d3e2f94,Thomas Morgan,Thomas Morgan,9595,264
19f6c16b-f144-48b7-80d9-926c5318914c,Miryam Strautkalns,Miryam Strautkalns,121,3
17f48abd-fa7f-4065-8728-ee46a76724bd,Thomas Morgan,Thomas Morgan,9595,264
074d2104-349c-4048-a7ab-85c74e0ac76b,Paul Schenk,(small maintainers),2082,57
617ca626-918a-4de3-954c-d3f83b73a12f,Planetary Data System,Planetary Data System,6214,171
6646e643-1881-433f-8315-23eb618fb2b3,Christopher Rumsey,Christopher Rumsey,178,5
fe2598cc-0ea3-4e86-899f-bac15e45b1ac,Earthdata Forum,Earthdata Forum,10650,293
4a618918-6d55-4aa9-b346-b2cf3b572d2e,NSIDC Services,NSIDC Services,653,18
7c4950cf-dfc8-449a-9d8e-e914558dd148,undefined,undefined,989,27
7bc5ca06-c860-4914-9ca0-f8a74f1fc87a,Earthdata Forum,Earthdata Forum,10650,293
cfaa32ec-1d54-4f36-9b77-39e2167513f2,Thomas Morgan,Thomas Morgan,9595,264
d59f2364-2ed6-4642-b22f-ac95932b21fb,Planetary Data System,Planetary Data System,6214,171
c4785788-416a-4363-995e-d1d441961e77,Earthdata Forum,Earthdata Forum,10650,293
b9b8e45d-cdc9-4dbf-971d-fbe96409ed97,Thomas Morgan,Thomas Morgan,9595,264
8ba38053-b291-48ce-b04e-e41f3d727ae2,Earthdata Forum,Earthdata Forum,10650,293
8a419dd9-741d-4b4d-b1a5-7819e93319a1,Thomas Morgan,Thomas Morgan,9595,264
ec966818-069f-49d7-98f8-0edcf544385e,MAST Archive,(small maintainers),2082,57
ca561d1b-f49f-46e6-870b-ca2543345d90,Earthdata Forum,Earthdata Forum,10650,293
a545c459-84a5-45fc-86e5-9c478038ab6b,Thomas Morgan,Thomas Morgan,9595,264
42d304e0-9121-444c-bc49-1b1f9ddc8ee9,Earthdata Forum,Earthdata Forum,10650,293
49fe9032-1644-436f-83ff-6fdfc049321d,HEASARC Help Desk,HEASARC Help Desk,976,27
2691df2a-7f51-4dc5-aed2-da9ef75a03eb,Earthdata Forum,Earthdata Forum,10650,293
e84a41e8-80ca-437a-bd90-9a35c76e21ff,IRSA Support,IRSA Support,419,12
c3d4502b-9553-4da7-8bb4-4945ac2bf530,Thomas Morgan,Thomas Morgan,9595,264
6593b17b-54b2-4e36-a8e7-8877ca813238,Earthdata Forum,Earthdata Forum,10650,293
243c6c9a-f71b-4e57-aec1-aeb65d5d9309,Planetary Data System,Planetary Data System,6214,171
5ce8b9d5-652f-43c7-b736-8ddd5127d627,John M. Kusterer,John M. Kusterer,87,3
5be6bd50-320d-4f26-a8e1-eb25999e0021,Thomas Morgan,Thomas Morgan,9595,264
9d3d5359-8d19-4695-a4ad-c3046f66c77b,Thomas Morgan,Thomas Morgan,9595,264
bc57e956-821b-4f49-84c4-30e7aeb849ab,NASA Space Physics Data Facility,NASA Space Physics Data Facility,3115,86
ba73596e-1734-4ee1-9c52-98b252052cc7,Thomas Morgan,Thomas Morgan,9595,264
770a77c8-3e88-4c5e-a7e6-d4ec0c343682,Planetary Data System,Planetary Data System,6214,171
f2bbbcea-6d21-4f94-8f9a-85800f492f4e,Planetary Data System,Planetary Data System,6214,171
73348f8d-7124-4f75-8698-05bee22dea4e,Planetary Data System,Planetary Data System,6214,171
a318274a-cf37-49a6-9230-14adc8203c41,Planetary Data System,Planetary Data System,6214,171
8149d779-c131-4d91-b10e-ca01c89161ae,Thomas Morgan,Thomas Morgan,9595,264
bf4967d7-f4cc-4a0f-9181-588891e0678c,Ed Hoffman,Ed Hoffman,157,4
5dd44a60-4e11-47ca-bfa8-b6157e5ce349,Planetary Data System,Planetary Data System,6214,171
50c03ddd-d58d-4bfa-9d41-6474a9271904,Thomas Morgan,Thomas Morgan,9595,264
bfcab715-c07f-4a41-a371-91d7ad97beab,Earthdata Forum,Earthdata Forum,10650,293
d463ec06-6829-4219-aa4f-0f4c9a25eb5a,Planetary Data System,Planetary Data System,6214,171
dcf9ef45-17c9-460c-9d34-3f7418a22d3c,Earthdata Forum,Earthdata Forum,10650,293
c65adbd1-b2ff-4258-90e0-eac9e975fd25,IRSA Support,IRSA Support,419,12
dc5e0fab-4de7-422f-8164-e52a1d99e67f,Thomas Morgan,Thomas Morgan,9595,264
9c69ae1b-ca39-4c9f-b366-eedebdd9d3de,Planetary Data System,Planetary Data System,6214,171
1c22200a-0a24-49a8-8f46-3f12187b3fca,NASA Space Physics Data Facility,NASA Space Physics Data Facility,3115,86
dd1b66c0-004d-4284-8a66-20d299880418,Earthdata Forum,Earthdata Forum,10650,293
693fae8f-2b93-4717-9978-1c09d30ad6aa,Earthdata Forum,Earthdata Forum,10650,293
f8efaa63-952e-4501-9983-8befd8355560,Thomas Morgan,Thomas Morgan,9595,264
cbc80942-5cc3-41eb-bb48-d8c967434230,Thomas Morgan,Thomas Morgan,9595,264
5d01c144-a921-43b1-b020-9c4c987520d9,Planetary Data System,Planetary Data System,6214,171
a8338e28-b825-44a8-93b9-6fb483198ddc,Thomas Morgan,Thomas Morgan,9595,264
601e82c0-bf3c-4e02-aa05-8c498ffc128b,EDWARD BALABAN,(small maintainers),2082,57
eadd9bc1-41aa-4c5f-a1ab-287537c700ba,Thomas Morgan,Thomas Morgan,9595,264
47e1fd90-0585-462f-b02f-9ba514e0aa10,Thomas Morgan,Thomas Morgan,9595,264
60ebba80-c139-4237-a1cf-7756ff7941a9,HEASARC Help Desk,HEASARC Help Desk,976,27
7ff92889-8708-4a92-9337-0c636d77ec17,undefined,undefined,989,27
48eea465-8064-4e5c-830e-a0220b32eaf0,NASA Space Physics Data Facility,NASA Space Physics Data Facility,3115,86
cdbf8d1e-3c75-4cf1-85fd-81b36b356942,NASA Space Physics Data Facility,NASA Space Physics Data Facility,3115,86
972f0430-1365-4608-a6e2-2ecd3a601411,Open Science Data Repository Help Desk,Open Science Data Repository Help Desk,346,10
2cd1ee67-790e-4898-8b99-8a6bf26910e5,Open Science Data Repository Help Desk,Open Science Data Repository Help Desk,346,10
8a4b5461-9e2a-40b6-a6e0-0d74eb624fae,Earthdata Forum,Earthdata Forum,10650,293
66620e9b-1204-4cb1-8d7a-6806b2bf49bf,IRSA Support,IRSA Support,419,12
1da13903-4d17-4998-be14-c5076fda7816,NASA Space Physics Data Facility,NASA Space Physics Data Facility,3115,86
3351ad8f-8dc9-47e1-bb3b-1424a6fcff86,Earthdata Forum,Earthdata Forum,10650,293
6fe1a935-c2a2-45c3-a134-6e987a8aa3b1,NASA Space Physics Data Facility,NASA Space Physics Data Facility,3115,86
a2fb5d89-d783-4bba-ab87-9d0a6fe38315,Earthdata Forum,Earthdata Forum,10650,293
e085efe9-5921-4f75-a625-e23f1d2f862a,Thomas Morgan,Thomas Morgan,9595,264
eb0ce1e5-6247-4de4-90e3-4e4a0078de25,Thomas Morgan,Thomas Morgan,9595,264
c58b7ee8-441e-449a-a655-ccff8528d867,Thomas Morgan,Thomas Morgan,9595,264
e057cf9d-9b4c-4fe1-99c7-d85587c3b05e,Earthdata Forum,Earthdata Forum,10650,293
d0ee09d0-103f-4e86-99af-1cd0f59c5ac5,Earthdata Forum,Earthdata Forum,10650,293
67f64854-0eb6-45a4-be57-86254a7dfb60,Earthdata Forum,Earthdata Forum,10650,293
59b07d02-20c3-43d0-a5fd-75c18f66c5a3,Planetary Data System,Planetary Data System,6214,171
aac2d5cc-9c6e-4b95-be92-a2d1100de2a8,Earthdata Forum,Earthdata Forum,10650,293
1c805f1d-56e0-45d8-8f6c-dba820f589af,Planetary Data System,Planetary Data System,6214,171
b374a4d1-3958-4600-a6bf-1172f2d8ddc6,Earthdata Forum,Earthdata Forum,10650,293
f5b8a587-b0fd-4bb7-a026-73edc53c2f4e,Earthdata Forum,Earthdata Forum,10650,293
06fb2c83-6473-4966-9427-45b9bab80f50,NASA Space Physics Data Facility,NASA Space Physics Data Facility,3115,86
5d5d23a0-477f-4adf-9039-942308e254d0,Planetary Data System,Planetary Data System,6214,171
674a1c12-176a-4456-afe1-be81fb7d5d9a,Thomas Morgan,Thomas Morgan,9595,264
2122e545-8919-469f-b86a-912ad61714db,Planetary Data System,Planetary Data System,6214,171
0b77c579-cfa9-47bd-b5bb-034710c8381b,Thomas Morgan,Thomas Morgan,9595,264
4dde9ee4-ea87-41a6-89b2-99ad614ef97f,Planetary Data System,Planetary Data System,6214,171
3c6eaf25-36ea-4bc1-a6d4-49fffafa4616,Earthdata Forum,Earthdata Forum,10650,293
872e5a29-0705-457c-ae47-c7e9970e0d12,Thomas Morgan,Thomas Morgan,9595,264
eb548fd4-a90f-4a42-b629-a448cdc98744,Earthdata Forum,Earthdata Forum,10650,293
929bba8c-1667-4f24-87b7-5ee97d000a3b,undefined,undefined,989,27
d1efc075-3a1a-415f-b0ee-e1b3064e5c74,NASA Space Physics Data Facility,NASA Space Physics Data Facility,3115,86
52ef1a34-7533-4ee5-ba99-66d32ff31472,Earthdata Forum,Earthdata Forum,10650,293
71970b45-cf8d-46c0-9f44-1c9ddd521c5f,Planetary Data System,Planetary Data System,6214,171
b71d7d02-0d58-4207-af1c-3f913c7299fb,Thomas Morgan,Thomas Morgan,9595,264
14efc510-eb0d-4107-bdec-a8af36a42873,undefined,undefined,989,27
b46fb99f-3ad1-4e96-bd45-a362c4b50772,NASA Space Physics Data Facility,NASA Space Physics Data Facility,3115,86
eea9236a-4545-4add-bd7d-5e381913ee44,Earthdata Forum,Earthdata Forum,10650,293
92ae2e97-dc11-4d95-bb79-c18b03699f81,Earthdata Forum,Earthdata Forum,10650,293
fa8df609-5b94-4957-90b2-aeb86ba60d1c,Earthdata Forum,Earthdata Forum,10650,293
4143374f-dd5b-40f2-ab44-64eaa177bb55,NASA Space Physics Data Facility,NASA Space Physics Data Facility,3115,86
136d8368-d7db-441e-9c35-2433b90d9153,Earthdata Forum,Earthdata Forum,10650,293
213b061d-d440-412d-9c6a-c3106b60e8f2,Thomas Morgan,Thomas Morgan,9595,264
12e9e352-cb1a-4506-82c4-76f58e298a45,Thomas Morgan,Thomas Morgan,9595,264
543ca2e6-8339-4961-82f3-393a16a5259a,Earthdata Forum,Earthdata Forum,10650,293
6dacd62c-2766-4dbd-834b-74027ee970f7,Thomas Morgan,Thomas Morgan,9595,264
af1ecb99-4f63-4c4b-8a3a-8f9dc3c79f1f,Planetary Data System,Planetary Data System,6214,171
4aa7d12b-8eb6-4f7c-afe2-fe61e2372755,Thomas Morgan,Thomas Morgan,9595,264
b0c65391-af68-4544-a181-aa028de1baa6,Earthdata Forum,Earthdata Forum,10650,293
bb8380ac-c811-4de5-8a11-5b5053ed0e72,Thomas Morgan,Thomas Morgan,9595,264
9eeab3e9-8d58-496c-b6e1-17e0caad4966,Thomas Morgan,Thomas Morgan,9595,264
72de160f-709b-4c52-bc74-630b406c4e11,Thomas Morgan,Thomas Morgan,9595,264
e986379e-744d-4f3a-bd8a-067a3b3b225b,Planetary Data System,Planetary Data System,6214,171
21089aa9-ba78-4754-915c-b3110e29f41d,Earthdata Forum,Earthdata Forum,10650,293
e25572dd-10bd-4326-972a-96db567dadc4,Earthdata Forum,Earthdata Forum,10650,293
1ccc5aea-c6e2-4991-a0ec-79fee384b51e,Earthdata Forum,Earthdata Forum,10650,293
6d5293ec-1ed9-48b5-befc-2f252c0a8b7f,Planetary Data System,Planetary Data System,6214,171
881c3ef8-b4c7-4da7-922a-1b7ccfd76286,Earthdata Forum,Earthdata Forum,10650,293
4d039373-c648-4d02-818a-ce915eefd01f,Thomas Morgan,Thomas Morgan,9595,264
7514f184-4663-441a-99ec-ca83eb631244,Planetary Data System,Planetary Data System,6214,171
70d57599-c381-4cb7-949f-8c5c1bfa5e47,Earthdata Forum,Earthdata Forum,10650,293
4aaab191-a2b7-4b83-aa41-40938537e801,Earthdata Forum,Earthdata Forum,10650,293
a9f8d2ed-c9bd-4728-b8eb-4d02b2c439f6,Thomas Morgan,Thomas Morgan,9595,264
f920ebb3-0cfc-4946-8582-8dd271e7bcea,Earthdata Forum,Earthdata Forum,10650,293
755e1ef7-2440-4aa3-bd0e-97ed26d41658,Planetary Data System,Planetary Data System,6214,171
95475c3d-0559-4131-aefa-7187968f30aa,Earthdata Forum,Earthdata Forum,10650,293
ae3e4ffc-3d3a-4411-858a-a52397beaf7c,Planetary Data System,Planetary Data System,6214,171
b8dae01a-0241-42bf-a31b-4c70d4c5c36b,NASA Space Physics Data Facility,NASA Space Physics Data Facility,3115,86
b523e5b2-f3a9-4ba0-9df3-910e4887f768,Earthdata Forum,Earthdata Forum,10650,293
60fda21a-11f5-4bc6-a1ad-ad4f13badd8d,Thomas Morgan,Thomas Morgan,9595,264
f4986de7-ef82-413b-b4b9-f667908f5745,Thomas Morgan,Thomas Morgan,9595,264
dc51ab94-7027-4ae6-987e-6205599e4e17,Thomas Morgan,Thomas Morgan,9595,264
4ae52478-4887-49bd-8ae8-bad417cd1937,Christopher Rumsey,Christopher Rumsey,178,5
dade67c3-e7a2-4098-8661-a5ce072beacc,Simon Hook,(small maintainers),2082,57
9ab4618b-1774-4995-9508-7fe16b45cdcd,HEASARC Help Desk,HEASARC Help Desk,976,27
901b750a-1f02-4144-95a8-5f3e199fda5e,HEASARC Help Desk,HEASARC Help Desk,976,27
61a82a7e-62c9-4a27-9f52-312593a51352,Earthdata Forum,Earthdata Forum,10650,293
09e69b15-d342-41e6-9ea8-dd8bc68c855e,Earthdata Forum,Earthdata Forum,10650,293
97efa2b4-808b-4501-8c36-c0f596d7ed33,Planetary Data System,Planetary Data System,6214,171
7467f254-a82b-4f61-be6f-f2f026769d09,Thomas Morgan,Thomas Morgan,9595,264
a15694f1-8c96-4313-af19-b6e0ae794c3b,Earthdata Forum,Earthdata Forum,10650,293
301a9c59-6b08-4318-bd09-8f332c27e4b1,Earthdata Forum,Earthdata Forum,10650,293
6c55dad6-3009-4ca4-bd2a-9be1cac7a991,Earthdata Forum,Earthdata Forum,10650,293
ac32e4a5-0af4-4c14-a901-06f3849ec770,NASA Space Physics Data Facility,NASA Space Physics Data Facility,3115,86
915b572a-1a60-42f3-b7f5-862051a384b1,EDWARD BALABAN,(small maintainers),2082,57
d73a8cb2-fbdc-4d4b-9de1-b7b793171bf9,Planetary Data System,Planetary Data System,6214,171
a6654d49-e44e-4ee3-9218-4a16ff92891e,Earthdata Forum,Earthdata Forum,10650,293
1742db55-3628-4854-a4a3-8c24b6107bd0,Thomas Morgan,Thomas Morgan,9595,264
f48f49ef-f31a-424c-9244-7a0e298d497b,Thomas Morgan,Thomas Morgan,9595,264
5fd4f7b7-8ff2-45da-9bd4-9199596c3055,Thomas Morgan,Thomas Morgan,9595,264
11af42be-b61b-4cf7-b5f8-cf07bf189f06,Brian Dunbar,Brian Dunbar,108,3
082a6921-c20e-470b-927b-94b4dbd050cd,Earthdata Forum,Earthdata Forum,10650,293
32a725a6-81e7-4bb4-ae61-1087c4e2364a,Earthdata Forum,Earthdata Forum,10650,293
4a2fb019-70f0-4757-89fc-07ec9cf167b7,Thomas Morgan,Thomas Morgan,9595,264
0511ccd8-9cd4-40bc-b7f3-ea12784d9c3a,Planetary Data System,Planetary Data System,6214,171
d086fdcf-eba5-41cb-86d8-dcd7ffe89bbe,Earthdata Forum,Earthdata Forum,10650,293
77cab06e-78b9-435e-b72d-c44c512d6d44,Thomas Morgan,Thomas Morgan,9595,264
3f0535bd-ad01-4ca7-8266-289afae469a1,Earthdata Forum,Earthdata Forum,10650,293
f7992f76-5f8e-41b8-8584-9b2c3587e3c5,Miryam Strautkalns,Miryam Strautkalns,121,3
1edd9866-e1f4-49c6-96f8-0d6d0be1a398,NASA Space Physics Data Facility,NASA Space Physics Data Facility,3115,86
864a08e7-c364-49e2-80a8-41db13715319,Earthdata Forum,Earthdata Forum,10650,293
c213c437-84e6-4e3e-992e-9036d0534b12,Earthdata Forum,Earthdata Forum,10650,293
851b2c0e-7627-4e87-8b98-96e4f4baeac1,Dennis Koga,(small maintainers),2082,57
9c46cc17-6212-4dd6-af2f-c5077094764b,Planetary Data System,Planetary Data System,6214,171
e4fd2dff-6fc0-4436-b688-22184f85fb03,Thomas Morgan,Thomas Morgan,9595,264
cfe54116-cd95-4d1d-98b5-b922f8c55d2a,Miryam Strautkalns,Miryam Strautkalns,121,3
bf7490ae-9554-4b5b-9acb-6716d669aeb0,Earthdata Forum,Earthdata Forum,10650,293
d4fd125f-b097-43f5-934a-9781faaadecf,Thomas Morgan,Thomas Morgan,9595,264
31b68fe0-5a22-44ae-b434-eac768a006a6,Thomas Morgan,Thomas Morgan,9595,264
6275419a-3f62-484f-8388-af8a1975109b,HEASARC Help Desk,HEASARC Help Desk,976,27
cf185027-e710-4ef6-8548-a7a90a6f547e,IRSA Support,IRSA Support,419,12
de74fe5c-b6a7-4f8c-8f67-90e72b2e81bb,Planetary Data System,Planetary Data System,6214,171
7f716a63-678c-4a8d-b9f2-bbc1322ee1cd,Earthdata Forum,Earthdata Forum,10650,293
553bc7e1-1bac-442f-9f79-05a5d889b29b,Earthdata Forum,Earthdata Forum,10650,293
a590509e-d5cb-43fc-83d0-45f7c861410e,Thomas Morgan,Thomas Morgan,9595,264
57593a8f-5d80-421e-a79d-5fddd56861f5,Earthdata Forum,Earthdata Forum,10650,293
6870ef28-50c9-4a97-b56e-0c191626bfb2,Earthdata Forum,Earthdata Forum,10650,293
e8aba657-f3d7-479f-8867-2fccda9229e3,Earthdata Forum,Earthdata Forum,10650,293
4f779816-e8e5-4545-a6a1-456e7a82102b,Planetary Data System,Planetary Data System,6214,171
6419a33b-1c95-4e61-ad56-0ec4203a7916,Planetary Data System,Planetary Data System,6214,171
d57e1e22-cbf3-4ee4-81c8-4c19e2d4dbcc,NASA Space Physics Data Facility,NASA Space Physics Data Facility,3115,86
74cae6ce-cd84-4698-ac24-c941cd052d76,Earthdata Forum,Earthdata Forum,10650,293
a92cb515-2107-4bdc-b0b6-6241cdddc851,Planetary Data System,Planetary Data System,6214,171
a5ad1b87-0a03-47d6-8971-c0983408508a,Marilyn Smith,(small maintainers),2082,57
bbaca240-7f0f-4c30-9b55-41cf8bacafca,Kristan Morgan,(small maintainers),2082,57
3482c791-48c9-4c64-af41-05f5d9690441,Thomas Morgan,Thomas Morgan,9595,264
3e8811c4-1459-41ea-8217-d09a5387985a,Planetary Data System,Planetary Data System,6214,171
3fdc9b9f-ae19-41c9-8c03-02a7dad03c37,NASA Space Physics Data Facility,NASA Space Physics Data Facility,3115,86
9f5dbc73-848d-44e1-b047-25a85c76baab,Thomas Morgan,Thomas Morgan,9595,264
a93fec96-e2ba-4e4b-9b89-10cd17ea4683,IRSA Support,IRSA Support,419,12
879ddf3c-a916-4fd9-9627-988de2953dbc,GeneLab Outreach,GeneLab Outreach,322,9
2e73e53a-b88e-472f-a6ba-d13ef04ea2b7,Earthdata Forum,Earthdata Forum,10650,293
95a5d388-ba69-4a74-ac0b-4e425633b718,Planetary Data System,Planetary Data System,6214,171
7b892917-ba12-407e-ad24-cb44671f2c59,Planetary Data System,Planetary Data System,6214,171
06cc0918-c54f-45de-a40e-7efff73cc0f1,Thomas Morgan,Thomas Morgan,9595,264
52201c74-c5ce-475f-b517-bf2f6666c6cf,GeneLab Outreach,GeneLab Outreach,322,9
7794e76c-104c-4f48-8fb0-8dca8736c1b3,Thomas Morgan,Thomas Morgan,9595,264
4f97ba65-929f-42b7-9e75-86b55b25b329,Thomas Morgan,Thomas Morgan,9595,264
f4834f53-b28f-48f5-9db9-f0f5a4b8efe1,Kristan Morgan,(small maintainers),2082,57
65dd31bb-8b5e-4bc0-a9ff-d5413cae97c3,Earthdata Forum,Earthdata Forum,10650,293
86b4dbb7-fa26-4312-a3d8-542f6a7a00d3,Planetary Data System,Planetary Data System,6214,171
5abf4614-9e8c-477b-8502-14ac8910f258,Jason Duley,(small maintainers),2082,57
83a5f911-3182-4f6a-a2c4-5014edc67034,Earthdata Forum,Earthdata Forum,10650,293
c036fde6-4c44-4348-931a-7380028f4884,Earthdata Forum,Earthdata Forum,10650,293
56c1e856-24f8-43e2-9f24-f36072ab23ca,Thomas Morgan,Thomas Morgan,9595,264
4be379ff-647c-4c0a-98d0-1b9943ee1f00,Planetary Data System,Planetary Data System,6214,171
f6d86c87-a77b-476f-ac19-59e40809b1ce,NASA Space Physics Data Facility,NASA Space Physics Data Facility,3115,86
0deff817-dc45-4864-81ef-cda737ba8e6a,Planetary Data System,Planetary Data System,6214,171
a949d49a-dd54-439e-8eaa-0ac03468d9a1,NASA Space Physics Data Facility,NASA Space Physics Data Facility,3115,86
4c21791a-b7fa-468b-b3b3-ed45f45c71ba,HEASARC Help Desk,HEASARC Help Desk,976,27
829dd1a2-2201-4f09-9ecd-7886dd4794a0,Thomas Morgan,Thomas Morgan,9595,264
88797dd0-e263-449b-803b-554ec3499a3c,NASA Space Physics Data Facility,NASA Space Physics Data Facility,3115,86
5f4560eb-df0c-477f-89a2-2726db717e7e,Planetary Data System,Planetary Data System,6214,171
9b656cd7-152f-4dd9-810f-b60a3c8be1ca,undefined,undefined,989,27
3d2476e9-e6ae-4ee3-a871-d4504350202d,NASA Space Physics Data Facility,NASA Space Physics Data Facility,3115,86
ad9c6fd3-ebf6-4fdc-941c-5362eeaef33d,Planetary Data System,Planetary Data System,6214,171
ec569c68-f47f-4f6c-a659-b0a70b9083c2,Thomas Morgan,Thomas Morgan,9595,264
c32a66f5-16df-4121-9701-bcf68a8bb33d,Earthdata Forum,Earthdata Forum,10650,293
e87bb974-405b-4381-acfd-b37c91f68435,Jennifer Blue,Jennifer Blue,81,2
af437d43-2602-4adb-918e-56baace7cec6,Thomas Morgan,Thomas Morgan,9595,264
fa45351d-53fa-4ec1-9ee8-56efdd0ce11c,Earthdata Forum,Earthdata Forum,10650,293
764b54cd-877d-4416-a6f0-dfb1bb89abc9,Earthdata Forum,Earthdata Forum,10650,293
ff27a033-87bf-4663-b111-3362034dad76,Planetary Data System,Planetary Data System,6214,171
b78e8bf7-7578-4e80-a3d3-9bf669100b71,Thomas Morgan,Thomas Morgan,9595,264
2f0660d9-c9fe-4813-8e86-a6ec1cf13853,NASA Space Physics Data Facility,NASA Space Physics Data Facility,3115,86
57a2480d-6dd8-458c-92e4-f7688b13e932,Planetary Data System,Planetary Data System,6214,171
c733c901-edd1-4855-840c-4403ba2597ca,Earthdata Forum,Earthdata Forum,10650,293
1c61be49-6750-4b19-bc65-313cfb13bbcf,Earthdata Forum,Earthdata Forum,10650,293
4fa97ad1-b255-4ab2-854a-b9c4033a53f3,Thomas Morgan,Thomas Morgan,9595,264
b2b3a7df-b370-4851-9863-c565a2c4864c,IRSA Support,IRSA Support,419,12
fce1bf35-487e-4330-a647-5d9e90019123,Earthdata Forum,Earthdata Forum,10650,293
0ec19e41-0ee1-4070-9e77-ac77a691d5ad,NASA Space Physics Data Facility,NASA Space Physics Data Facility,3115,86
b16278b5-f189-495b-9d6b-c2fb365658e0,Earthdata Forum,Earthdata Forum,10650,293
35b61b6a-4151-4c63-9502-c6ee03dcc31e,undefined,undefined,989,27
