id,subject,subject_class,predicate,object,object_class,source_text,all_facts_extracted
3122be4c-b9d0-4cc9-b6d3-9b96c6e743da,3122be4c-b9d0-4cc9-b6d3-9b96c6e743da,CatalogEntry,DESCRIBES,NASA Standards and Technical Assistance Resource Tool,WebTool,(record structure),1
3122be4c-b9d0-4cc9-b6d3-9b96c6e743da,NASA Technical Standards Program,Organization,PROVIDES_ACCESS_TO,NASA developed standards,Document,The NASA Technical Standards Program provides access to NASA developed standards and handbooks,1
3122be4c-b9d0-4cc9-b6d3-9b96c6e743da,NASA Technical Standards Program,Organization,PROVIDES_ACCESS_TO,NASA developed handbooks,Document,The NASA Technical Standards Program provides access to NASA developed standards and handbooks,1
3122be4c-b9d0-4cc9-b6d3-9b96c6e743da,NASA Standards and Technical Assistance Resource Tool,WebTool,ALSO_KNOWN_AS,START,WebTool,"The NASA Standards and Technical Assistance Resource Tool, or START",1
3122be4c-b9d0-4cc9-b6d3-9b96c6e743da,NASA Standards and Technical Assistance Resource Tool,WebTool,SPONSORED_BY,NASA Technical Standards Program,Organization,is a Web tool sponsored by the NASA Technical Standards Program,1
3122be4c-b9d0-4cc9-b6d3-9b96c6e743da,NASA Standards and Technical Assistance Resource Tool,WebTool,HAS_PURPOSE,make it simpler for technical people to access NASA technical information quickly and conveniently,Purpose,The idea is to make it simpler for technical people to access great NASA technical information quickly and conveniently,1
cfd6ec3f-1e63-4a77-bc3f-007d45f7e2fc,cfd6ec3f-1e63-4a77-bc3f-007d45f7e2fc,CatalogEntry,DESCRIBES,ROSETTA-ORBITER 67P RSI 1/2/3 COMET ESCORT 4 1149 V1.0,Dataset,(record structure),1
cfd6ec3f-1e63-4a77-bc3f-007d45f7e2fc,ROSETTA-ORBITER 67P RSI 1/2/3 COMET ESCORT 4 1149 V1.0,Dataset,FROM_MISSION,Rosetta,Mission,This is a Rosetta Radio Science data set,1
cfd6ec3f-1e63-4a77-bc3f-007d45f7e2fc,ROSETTA-ORBITER 67P RSI 1/2/3 COMET ESCORT 4 1149 V1.0,Dataset,HAS_DISCIPLINE,Radio Science,Discipline,This is a Rosetta Radio Science data set,1
cfd6ec3f-1e63-4a77-bc3f-007d45f7e2fc,ROSETTA-ORBITER 67P RSI 1/2/3 COMET ESCORT 4 1149 V1.0,Dataset,HAS_MISSION_PHASE,COMET ESCORT 4 phase,MissionPhase,collected during the COMET ESCORT 4 phase,1
cfd6ec3f-1e63-4a77-bc3f-007d45f7e2fc,COMET ESCORT 4 phase,MissionPhase,HAS_TIME_SPAN,2015-10-22 to 2015-12-31,TimeSpan,COMET ESCORT 4 phase 2015-10-22 to 2015-12-31,1
cfd6ec3f-1e63-4a77-bc3f-007d45f7e2fc,ROSETTA-ORBITER 67P RSI 1/2/3 COMET ESCORT 4 1149 V1.0,Dataset,HAS_MEASUREMENTS_OF,Global Gravity,PhysicalQuantity,It is a Global Gravity measurement at the comet 67P,1
cfd6ec3f-1e63-4a77-bc3f-007d45f7e2fc,ROSETTA-ORBITER 67P RSI 1/2/3 COMET ESCORT 4 1149 V1.0,Dataset,HAS_TARGET,comet 67P,CelestialBody,It is a Global Gravity measurement at the comet 67P,1
cfd6ec3f-1e63-4a77-bc3f-007d45f7e2fc,ROSETTA-ORBITER 67P RSI 1/2/3 COMET ESCORT 4 1149 V1.0,Dataset,HAS_TIME_SPAN,2015-11-01T19:58:35.000 to 2015-11-02T04:59:27.000,TimeSpan,covers the time 2015-11-01T19:58:35.000 to 2015-11-02T04:59:27.000,1
cfd6ec3f-1e63-4a77-bc3f-007d45f7e2fc,ROSETTA-ORBITER 67P RSI 1/2/3 COMET ESCORT 4 1149 V1.0,Dataset,HAS_VERSION,V1.0,Version,COMET ESCORT 4 1149 V1.0,1
6cfafd07-40f1-46da-9d92-36c2bb319f0b,6cfafd07-40f1-46da-9d92-36c2bb319f0b,CatalogEntry,DESCRIBES,MODIS/Aqua Snow Cover 5-Min L2 Swath 500m V061,Dataset,(record structure),0
6cfafd07-40f1-46da-9d92-36c2bb319f0b,MODIS/Aqua Snow Cover 5-Min L2 Swath 500m V061,Dataset,HAS_MEASUREMENTS_OF,snow cover,PhysicalQuantity,provides daily snow cover,0
6cfafd07-40f1-46da-9d92-36c2bb319f0b,Moderate Resolution Imaging Spectroradiometer (MODIS),Instrument,ABOARD,Aqua,Spacecraft,(MODIS) on board the Aqua satellite,0
6cfafd07-40f1-46da-9d92-36c2bb319f0b,MODIS/Aqua Snow Cover 5-Min L2 Swath 500m V061,Dataset,HAS_VERSION,V061,Version,Swath 500m V061,0
2705e0d1-95e7-4588-813b-ca91a6da94ff,2705e0d1-95e7-4588-813b-ca91a6da94ff,CatalogEntry,DESCRIBES,Aquarius L3 Weekly Polar-Gridded Sea Surface Salinity V005,Dataset,(record structure),0
2705e0d1-95e7-4588-813b-ca91a6da94ff,Aquarius L3 Weekly Polar-Gridded Sea Surface Salinity V005,Dataset,HAS_MEASUREMENTS_OF,Sea Surface Salinity (SSS),PhysicalQuantity,Aquarius L-band radiometer Sea Surface Salinity (SSS) retrievals,0
2705e0d1-95e7-4588-813b-ca91a6da94ff,Aquarius L3 Weekly Polar-Gridded Sea Surface Salinity V005,Dataset,FROM_MISSION,Aquarius/Satélite de Aplicaciones Científicas (SAC-D),Mission,retrievals from the Aquarius/Satélite de Aplicaciones Científicas (SAC-D) mission,0
2705e0d1-95e7-4588-813b-ca91a6da94ff,Aquarius L3 Weekly Polar-Gridded Sea Surface Salinity V005,Dataset,ACQUIRED_BY,Aquarius L-band radiometer,Instrument,Aquarius L-band radiometer Sea Surface Salinity (SSS) retrievals,0
2705e0d1-95e7-4588-813b-ca91a6da94ff,Aquarius L3 Weekly Polar-Gridded Sea Surface Salinity V005,Dataset,HAS_VERSION,V005,Version,Salinity V005,0
03a09af3-081e-4db6-9e3b-ea7c0e3138bd,03a09af3-081e-4db6-9e3b-ea7c0e3138bd,CatalogEntry,DESCRIBES,MODIS Aqua Level 3 SST MID-IR 8 Day 4km Nighttime V2019.0,Dataset,(record structure),0
03a09af3-081e-4db6-9e3b-ea7c0e3138bd,MODIS Aqua Level 3 SST MID-IR 8 Day 4km Nighttime V2019.0,Dataset,HAS_MEASUREMENTS_OF,skin sea surface temperature (SST),PhysicalQuantity,global NASA skin sea surface temperature (SST) products,0
03a09af3-081e-4db6-9e3b-ea7c0e3138bd,MODIS Aqua Level 3 SST MID-IR 8 Day 4km Nighttime V2019.0,Dataset,ACQUIRED_BY,Moderate Resolution Imaging Spectroradiometer (MODIS),Instrument,products from the Moderate-resolution Imaging Spectroradiometer (MODIS),0
03a09af3-081e-4db6-9e3b-ea7c0e3138bd,Moderate Resolution Imaging Spectroradiometer (MODIS),Instrument,ABOARD,Aqua,Spacecraft,(MODIS) onboard the Aqua satellite,0
03a09af3-081e-4db6-9e3b-ea7c0e3138bd,MODIS Aqua Level 3 SST MID-IR 8 Day 4km Nighttime V2019.0,Dataset,HAS_VERSION,V2019.0,Version,Nighttime V2019.0,0
99dff022-24ac-48cb-bc83-09fec8b90ad7,99dff022-24ac-48cb-bc83-09fec8b90ad7,CatalogEntry,DESCRIBES,DAWN GRAND MAP VESTA FAST NEUTRON RESIDUAL V1.0,Dataset,(record structure),0
99dff022-24ac-48cb-bc83-09fec8b90ad7,DAWN GRAND MAP VESTA FAST NEUTRON RESIDUAL V1.0,Dataset,HAS_MEASUREMENTS_OF,fast neutron residual count rates,PhysicalQuantity,residual count rates from the GRaND plus Z boron loaded sensor,0
99dff022-24ac-48cb-bc83-09fec8b90ad7,DAWN GRAND MAP VESTA FAST NEUTRON RESIDUAL V1.0,Dataset,ACQUIRED_BY,GRaND plus Z boron loaded sensor,Instrument,residual count rates from the GRaND plus Z boron loaded sensor,0
99dff022-24ac-48cb-bc83-09fec8b90ad7,DAWN GRAND MAP VESTA FAST NEUTRON RESIDUAL V1.0,Dataset,HAS_TARGET,Vesta,CelestialBody,The residual map is related to the average atomic mass on Vesta,0
99dff022-24ac-48cb-bc83-09fec8b90ad7,DAWN GRAND MAP VESTA FAST NEUTRON RESIDUAL V1.0,Dataset,HAS_VERSION,V1.0,Version,RESIDUAL V1.0,0
